participant_id	session_id	modality	desc	path
sub-0	1	FLAIR	n/a	source/training/Utrecht/0/orig/FLAIR.nii.gz
sub-0	1	FLAIR	bias	source/training/Utrecht/0/pre/FLAIR.nii.gz
sub-0	1	T1w	n/a	source/training/Utrecht/0/orig/3DT1.nii.gz
sub-0	1	T1w	space-FLAIR	source/training/Utrecht/0/orig/T1.nii.gz
sub-0	1	T1w	bias	source/training/Utrecht/0/pre/3DT1.nii.gz
sub-0	1	T1w	space-FLAIR_bias	source/training/Utrecht/0/pre/T1.nii.gz
sub-0	1	mask	wmh_o3	source/additional_annotations/observer_o3/training/Utrecht/0/result.nii.gz
sub-0	1	mask	wmh_o4	source/additional_annotations/observer_o4/training/Utrecht/0/result.nii.gz
sub-0	1	mask	defaceT1w	source/training/Utrecht/0/orig/3DT1_mask.nii.gz
sub-0	1	mask	wmh	source/training/Utrecht/0/wmh.nii.gz
sub-1	1	FLAIR	n/a	source/test/Utrecht/1/orig/FLAIR.nii.gz
sub-1	1	FLAIR	bias	source/test/Utrecht/1/pre/FLAIR.nii.gz
sub-1	1	T1w	n/a	source/test/Utrecht/1/orig/3DT1.nii.gz
sub-1	1	T1w	space-FLAIR	source/test/Utrecht/1/orig/T1.nii.gz
sub-1	1	T1w	bias	source/test/Utrecht/1/pre/3DT1.nii.gz
sub-1	1	T1w	space-FLAIR_bias	source/test/Utrecht/1/pre/T1.nii.gz
sub-1	1	mask	defaceT1w	source/test/Utrecht/1/orig/3DT1_mask.nii.gz
sub-1	1	mask	wmh	source/test/Utrecht/1/wmh.nii.gz
sub-10	1	FLAIR	n/a	source/test/Utrecht/10/orig/FLAIR.nii.gz
sub-10	1	FLAIR	bias	source/test/Utrecht/10/pre/FLAIR.nii.gz
sub-10	1	T1w	n/a	source/test/Utrecht/10/orig/3DT1.nii.gz
sub-10	1	T1w	space-FLAIR	source/test/Utrecht/10/orig/T1.nii.gz
sub-10	1	T1w	bias	source/test/Utrecht/10/pre/3DT1.nii.gz
sub-10	1	T1w	space-FLAIR_bias	source/test/Utrecht/10/pre/T1.nii.gz
sub-10	1	mask	defaceT1w	source/test/Utrecht/10/orig/3DT1_mask.nii.gz
sub-10	1	mask	wmh	source/test/Utrecht/10/wmh.nii.gz
sub-100	1	FLAIR	n/a	source/training/Amsterdam/GE3T/100/orig/FLAIR.nii.gz
sub-100	1	FLAIR	bias	source/training/Amsterdam/GE3T/100/pre/FLAIR.nii.gz
sub-100	1	T1w	n/a	source/training/Amsterdam/GE3T/100/orig/3DT1.nii.gz
sub-100	1	T1w	space-FLAIR	source/training/Amsterdam/GE3T/100/orig/T1.nii.gz
sub-100	1	T1w	bias	source/training/Amsterdam/GE3T/100/pre/3DT1.nii.gz
sub-100	1	T1w	space-FLAIR_bias	source/training/Amsterdam/GE3T/100/pre/T1.nii.gz
sub-100	1	mask	wmh_o3	source/additional_annotations/observer_o3/training/Amsterdam/GE3T/100/result.nii.gz
sub-100	1	mask	wmh_o4	source/additional_annotations/observer_o4/training/Amsterdam/GE3T/100/result.nii.gz
sub-100	1	mask	defaceT1w	source/training/Amsterdam/GE3T/100/orig/3DT1_mask.nii.gz
sub-100	1	mask	defaceFLAIR	source/training/Amsterdam/GE3T/100/orig/FLAIR_mask.nii.gz
sub-100	1	mask	defaceT1w_space-FLAIR	source/training/Amsterdam/GE3T/100/orig/T1_mask.nii.gz
sub-100	1	mask	wmh	source/training/Amsterdam/GE3T/100/wmh.nii.gz
sub-101	1	FLAIR	n/a	source/training/Amsterdam/GE3T/101/orig/FLAIR.nii.gz
sub-101	1	FLAIR	bias	source/training/Amsterdam/GE3T/101/pre/FLAIR.nii.gz
sub-101	1	T1w	n/a	source/training/Amsterdam/GE3T/101/orig/3DT1.nii.gz
sub-101	1	T1w	space-FLAIR	source/training/Amsterdam/GE3T/101/orig/T1.nii.gz
sub-101	1	T1w	bias	source/training/Amsterdam/GE3T/101/pre/3DT1.nii.gz
sub-101	1	T1w	space-FLAIR_bias	source/training/Amsterdam/GE3T/101/pre/T1.nii.gz
sub-101	1	mask	wmh_o3	source/additional_annotations/observer_o3/training/Amsterdam/GE3T/101/result.nii.gz
sub-101	1	mask	wmh_o4	source/additional_annotations/observer_o4/training/Amsterdam/GE3T/101/result.nii.gz
sub-101	1	mask	defaceT1w	source/training/Amsterdam/GE3T/101/orig/3DT1_mask.nii.gz
sub-101	1	mask	defaceFLAIR	source/training/Amsterdam/GE3T/101/orig/FLAIR_mask.nii.gz
sub-101	1	mask	defaceT1w_space-FLAIR	source/training/Amsterdam/GE3T/101/orig/T1_mask.nii.gz
sub-101	1	mask	wmh	source/training/Amsterdam/GE3T/101/wmh.nii.gz
sub-102	1	FLAIR	n/a	source/training/Amsterdam/GE3T/102/orig/FLAIR.nii.gz
sub-102	1	FLAIR	bias	source/training/Amsterdam/GE3T/102/pre/FLAIR.nii.gz
sub-102	1	T1w	n/a	source/training/Amsterdam/GE3T/102/orig/3DT1.nii.gz
sub-102	1	T1w	space-FLAIR	source/training/Amsterdam/GE3T/102/orig/T1.nii.gz
sub-102	1	T1w	bias	source/training/Amsterdam/GE3T/102/pre/3DT1.nii.gz
sub-102	1	T1w	space-FLAIR_bias	source/training/Amsterdam/GE3T/102/pre/T1.nii.gz
sub-102	1	mask	wmh_o3	source/additional_annotations/observer_o3/training/Amsterdam/GE3T/102/result.nii.gz
sub-102	1	mask	wmh_o4	source/additional_annotations/observer_o4/training/Amsterdam/GE3T/102/result.nii.gz
sub-102	1	mask	defaceT1w	source/training/Amsterdam/GE3T/102/orig/3DT1_mask.nii.gz
sub-102	1	mask	defaceFLAIR	source/training/Amsterdam/GE3T/102/orig/FLAIR_mask.nii.gz
sub-102	1	mask	defaceT1w_space-FLAIR	source/training/Amsterdam/GE3T/102/orig/T1_mask.nii.gz
sub-102	1	mask	wmh	source/training/Amsterdam/GE3T/102/wmh.nii.gz
sub-103	1	FLAIR	n/a	source/training/Amsterdam/GE3T/103/orig/FLAIR.nii.gz
sub-103	1	FLAIR	bias	source/training/Amsterdam/GE3T/103/pre/FLAIR.nii.gz
sub-103	1	T1w	n/a	source/training/Amsterdam/GE3T/103/orig/3DT1.nii.gz
sub-103	1	T1w	space-FLAIR	source/training/Amsterdam/GE3T/103/orig/T1.nii.gz
sub-103	1	T1w	bias	source/training/Amsterdam/GE3T/103/pre/3DT1.nii.gz
sub-103	1	T1w	space-FLAIR_bias	source/training/Amsterdam/GE3T/103/pre/T1.nii.gz
sub-103	1	mask	wmh_o3	source/additional_annotations/observer_o3/training/Amsterdam/GE3T/103/result.nii.gz
sub-103	1	mask	wmh_o4	source/additional_annotations/observer_o4/training/Amsterdam/GE3T/103/result.nii.gz
sub-103	1	mask	defaceT1w	source/training/Amsterdam/GE3T/103/orig/3DT1_mask.nii.gz
sub-103	1	mask	defaceFLAIR	source/training/Amsterdam/GE3T/103/orig/FLAIR_mask.nii.gz
sub-103	1	mask	defaceT1w_space-FLAIR	source/training/Amsterdam/GE3T/103/orig/T1_mask.nii.gz
sub-103	1	mask	wmh	source/training/Amsterdam/GE3T/103/wmh.nii.gz
sub-104	1	FLAIR	n/a	source/training/Amsterdam/GE3T/104/orig/FLAIR.nii.gz
sub-104	1	FLAIR	bias	source/training/Amsterdam/GE3T/104/pre/FLAIR.nii.gz
sub-104	1	T1w	n/a	source/training/Amsterdam/GE3T/104/orig/3DT1.nii.gz
sub-104	1	T1w	space-FLAIR	source/training/Amsterdam/GE3T/104/orig/T1.nii.gz
sub-104	1	T1w	bias	source/training/Amsterdam/GE3T/104/pre/3DT1.nii.gz
sub-104	1	T1w	space-FLAIR_bias	source/training/Amsterdam/GE3T/104/pre/T1.nii.gz
sub-104	1	mask	wmh_o3	source/additional_annotations/observer_o3/training/Amsterdam/GE3T/104/result.nii.gz
sub-104	1	mask	wmh_o4	source/additional_annotations/observer_o4/training/Amsterdam/GE3T/104/result.nii.gz
sub-104	1	mask	defaceT1w	source/training/Amsterdam/GE3T/104/orig/3DT1_mask.nii.gz
sub-104	1	mask	defaceFLAIR	source/training/Amsterdam/GE3T/104/orig/FLAIR_mask.nii.gz
sub-104	1	mask	defaceT1w_space-FLAIR	source/training/Amsterdam/GE3T/104/orig/T1_mask.nii.gz
sub-104	1	mask	wmh	source/training/Amsterdam/GE3T/104/wmh.nii.gz
sub-105	1	FLAIR	n/a	source/training/Amsterdam/GE3T/105/orig/FLAIR.nii.gz
sub-105	1	FLAIR	bias	source/training/Amsterdam/GE3T/105/pre/FLAIR.nii.gz
sub-105	1	T1w	n/a	source/training/Amsterdam/GE3T/105/orig/3DT1.nii.gz
sub-105	1	T1w	space-FLAIR	source/training/Amsterdam/GE3T/105/orig/T1.nii.gz
sub-105	1	T1w	bias	source/training/Amsterdam/GE3T/105/pre/3DT1.nii.gz
sub-105	1	T1w	space-FLAIR_bias	source/training/Amsterdam/GE3T/105/pre/T1.nii.gz
sub-105	1	mask	wmh_o3	source/additional_annotations/observer_o3/training/Amsterdam/GE3T/105/result.nii.gz
sub-105	1	mask	wmh_o4	source/additional_annotations/observer_o4/training/Amsterdam/GE3T/105/result.nii.gz
sub-105	1	mask	defaceT1w	source/training/Amsterdam/GE3T/105/orig/3DT1_mask.nii.gz
sub-105	1	mask	defaceFLAIR	source/training/Amsterdam/GE3T/105/orig/FLAIR_mask.nii.gz
sub-105	1	mask	defaceT1w_space-FLAIR	source/training/Amsterdam/GE3T/105/orig/T1_mask.nii.gz
sub-105	1	mask	wmh	source/training/Amsterdam/GE3T/105/wmh.nii.gz
sub-106	1	FLAIR	n/a	source/training/Amsterdam/GE3T/106/orig/FLAIR.nii.gz
sub-106	1	FLAIR	bias	source/training/Amsterdam/GE3T/106/pre/FLAIR.nii.gz
sub-106	1	T1w	n/a	source/training/Amsterdam/GE3T/106/orig/3DT1.nii.gz
sub-106	1	T1w	space-FLAIR	source/training/Amsterdam/GE3T/106/orig/T1.nii.gz
sub-106	1	T1w	bias	source/training/Amsterdam/GE3T/106/pre/3DT1.nii.gz
sub-106	1	T1w	space-FLAIR_bias	source/training/Amsterdam/GE3T/106/pre/T1.nii.gz
sub-106	1	mask	wmh_o3	source/additional_annotations/observer_o3/training/Amsterdam/GE3T/106/result.nii.gz
sub-106	1	mask	wmh_o4	source/additional_annotations/observer_o4/training/Amsterdam/GE3T/106/result.nii.gz
sub-106	1	mask	defaceT1w	source/training/Amsterdam/GE3T/106/orig/3DT1_mask.nii.gz
sub-106	1	mask	defaceFLAIR	source/training/Amsterdam/GE3T/106/orig/FLAIR_mask.nii.gz
sub-106	1	mask	defaceT1w_space-FLAIR	source/training/Amsterdam/GE3T/106/orig/T1_mask.nii.gz
sub-106	1	mask	wmh	source/training/Amsterdam/GE3T/106/wmh.nii.gz
sub-107	1	FLAIR	n/a	source/training/Amsterdam/GE3T/107/orig/FLAIR.nii.gz
sub-107	1	FLAIR	bias	source/training/Amsterdam/GE3T/107/pre/FLAIR.nii.gz
sub-107	1	T1w	n/a	source/training/Amsterdam/GE3T/107/orig/3DT1.nii.gz
sub-107	1	T1w	space-FLAIR	source/training/Amsterdam/GE3T/107/orig/T1.nii.gz
sub-107	1	T1w	bias	source/training/Amsterdam/GE3T/107/pre/3DT1.nii.gz
sub-107	1	T1w	space-FLAIR_bias	source/training/Amsterdam/GE3T/107/pre/T1.nii.gz
sub-107	1	mask	wmh_o3	source/additional_annotations/observer_o3/training/Amsterdam/GE3T/107/result.nii.gz
sub-107	1	mask	wmh_o4	source/additional_annotations/observer_o4/training/Amsterdam/GE3T/107/result.nii.gz
sub-107	1	mask	defaceT1w	source/training/Amsterdam/GE3T/107/orig/3DT1_mask.nii.gz
sub-107	1	mask	defaceFLAIR	source/training/Amsterdam/GE3T/107/orig/FLAIR_mask.nii.gz
sub-107	1	mask	defaceT1w_space-FLAIR	source/training/Amsterdam/GE3T/107/orig/T1_mask.nii.gz
sub-107	1	mask	wmh	source/training/Amsterdam/GE3T/107/wmh.nii.gz
sub-108	1	FLAIR	n/a	source/training/Amsterdam/GE3T/108/orig/FLAIR.nii.gz
sub-108	1	FLAIR	bias	source/training/Amsterdam/GE3T/108/pre/FLAIR.nii.gz
sub-108	1	T1w	n/a	source/training/Amsterdam/GE3T/108/orig/3DT1.nii.gz
sub-108	1	T1w	space-FLAIR	source/training/Amsterdam/GE3T/108/orig/T1.nii.gz
sub-108	1	T1w	bias	source/training/Amsterdam/GE3T/108/pre/3DT1.nii.gz
sub-108	1	T1w	space-FLAIR_bias	source/training/Amsterdam/GE3T/108/pre/T1.nii.gz
sub-108	1	mask	wmh_o3	source/additional_annotations/observer_o3/training/Amsterdam/GE3T/108/result.nii.gz
sub-108	1	mask	wmh_o4	source/additional_annotations/observer_o4/training/Amsterdam/GE3T/108/result.nii.gz
sub-108	1	mask	defaceT1w	source/training/Amsterdam/GE3T/108/orig/3DT1_mask.nii.gz
sub-108	1	mask	defaceFLAIR	source/training/Amsterdam/GE3T/108/orig/FLAIR_mask.nii.gz
sub-108	1	mask	defaceT1w_space-FLAIR	source/training/Amsterdam/GE3T/108/orig/T1_mask.nii.gz
sub-108	1	mask	wmh	source/training/Amsterdam/GE3T/108/wmh.nii.gz
sub-109	1	FLAIR	n/a	source/training/Amsterdam/GE3T/109/orig/FLAIR.nii.gz
sub-109	1	FLAIR	bias	source/training/Amsterdam/GE3T/109/pre/FLAIR.nii.gz
sub-109	1	T1w	n/a	source/training/Amsterdam/GE3T/109/orig/3DT1.nii.gz
sub-109	1	T1w	space-FLAIR	source/training/Amsterdam/GE3T/109/orig/T1.nii.gz
sub-109	1	T1w	bias	source/training/Amsterdam/GE3T/109/pre/3DT1.nii.gz
sub-109	1	T1w	space-FLAIR_bias	source/training/Amsterdam/GE3T/109/pre/T1.nii.gz
sub-109	1	mask	wmh_o3	source/additional_annotations/observer_o3/training/Amsterdam/GE3T/109/result.nii.gz
sub-109	1	mask	wmh_o4	source/additional_annotations/observer_o4/training/Amsterdam/GE3T/109/result.nii.gz
sub-109	1	mask	defaceT1w	source/training/Amsterdam/GE3T/109/orig/3DT1_mask.nii.gz
sub-109	1	mask	defaceFLAIR	source/training/Amsterdam/GE3T/109/orig/FLAIR_mask.nii.gz
sub-109	1	mask	defaceT1w_space-FLAIR	source/training/Amsterdam/GE3T/109/orig/T1_mask.nii.gz
sub-109	1	mask	wmh	source/training/Amsterdam/GE3T/109/wmh.nii.gz
sub-11	1	FLAIR	n/a	source/training/Utrecht/11/orig/FLAIR.nii.gz
sub-11	1	FLAIR	bias	source/training/Utrecht/11/pre/FLAIR.nii.gz
sub-11	1	T1w	n/a	source/training/Utrecht/11/orig/3DT1.nii.gz
sub-11	1	T1w	space-FLAIR	source/training/Utrecht/11/orig/T1.nii.gz
sub-11	1	T1w	bias	source/training/Utrecht/11/pre/3DT1.nii.gz
sub-11	1	T1w	space-FLAIR_bias	source/training/Utrecht/11/pre/T1.nii.gz
sub-11	1	mask	wmh_o3	source/additional_annotations/observer_o3/training/Utrecht/11/result.nii.gz
sub-11	1	mask	wmh_o4	source/additional_annotations/observer_o4/training/Utrecht/11/result.nii.gz
sub-11	1	mask	defaceT1w	source/training/Utrecht/11/orig/3DT1_mask.nii.gz
sub-11	1	mask	wmh	source/training/Utrecht/11/wmh.nii.gz
sub-110	1	FLAIR	n/a	source/training/Amsterdam/GE3T/110/orig/FLAIR.nii.gz
sub-110	1	FLAIR	bias	source/training/Amsterdam/GE3T/110/pre/FLAIR.nii.gz
sub-110	1	T1w	n/a	source/training/Amsterdam/GE3T/110/orig/3DT1.nii.gz
sub-110	1	T1w	space-FLAIR	source/training/Amsterdam/GE3T/110/orig/T1.nii.gz
sub-110	1	T1w	bias	source/training/Amsterdam/GE3T/110/pre/3DT1.nii.gz
sub-110	1	T1w	space-FLAIR_bias	source/training/Amsterdam/GE3T/110/pre/T1.nii.gz
sub-110	1	mask	wmh_o3	source/additional_annotations/observer_o3/training/Amsterdam/GE3T/110/result.nii.gz
sub-110	1	mask	wmh_o4	source/additional_annotations/observer_o4/training/Amsterdam/GE3T/110/result.nii.gz
sub-110	1	mask	defaceT1w	source/training/Amsterdam/GE3T/110/orig/3DT1_mask.nii.gz
sub-110	1	mask	defaceFLAIR	source/training/Amsterdam/GE3T/110/orig/FLAIR_mask.nii.gz
sub-110	1	mask	defaceT1w_space-FLAIR	source/training/Amsterdam/GE3T/110/orig/T1_mask.nii.gz
sub-110	1	mask	wmh	source/training/Amsterdam/GE3T/110/wmh.nii.gz
sub-111	1	FLAIR	n/a	source/test/Amsterdam/GE3T/111/orig/FLAIR.nii.gz
sub-111	1	FLAIR	bias	source/test/Amsterdam/GE3T/111/pre/FLAIR.nii.gz
sub-111	1	T1w	n/a	source/test/Amsterdam/GE3T/111/orig/3DT1.nii.gz
sub-111	1	T1w	space-FLAIR	source/test/Amsterdam/GE3T/111/orig/T1.nii.gz
sub-111	1	T1w	bias	source/test/Amsterdam/GE3T/111/pre/3DT1.nii.gz
sub-111	1	T1w	space-FLAIR_bias	source/test/Amsterdam/GE3T/111/pre/T1.nii.gz
sub-111	1	mask	defaceT1w	source/test/Amsterdam/GE3T/111/orig/3DT1_mask.nii.gz
sub-111	1	mask	defaceFLAIR	source/test/Amsterdam/GE3T/111/orig/FLAIR_mask.nii.gz
sub-111	1	mask	defaceT1w_space-FLAIR	source/test/Amsterdam/GE3T/111/orig/T1_mask.nii.gz
sub-111	1	mask	wmh	source/test/Amsterdam/GE3T/111/wmh.nii.gz
sub-112	1	FLAIR	n/a	source/training/Amsterdam/GE3T/112/orig/FLAIR.nii.gz
sub-112	1	FLAIR	bias	source/training/Amsterdam/GE3T/112/pre/FLAIR.nii.gz
sub-112	1	T1w	n/a	source/training/Amsterdam/GE3T/112/orig/3DT1.nii.gz
sub-112	1	T1w	space-FLAIR	source/training/Amsterdam/GE3T/112/orig/T1.nii.gz
sub-112	1	T1w	bias	source/training/Amsterdam/GE3T/112/pre/3DT1.nii.gz
sub-112	1	T1w	space-FLAIR_bias	source/training/Amsterdam/GE3T/112/pre/T1.nii.gz
sub-112	1	mask	wmh_o3	source/additional_annotations/observer_o3/training/Amsterdam/GE3T/112/result.nii.gz
sub-112	1	mask	wmh_o4	source/additional_annotations/observer_o4/training/Amsterdam/GE3T/112/result.nii.gz
sub-112	1	mask	defaceT1w	source/training/Amsterdam/GE3T/112/orig/3DT1_mask.nii.gz
sub-112	1	mask	defaceFLAIR	source/training/Amsterdam/GE3T/112/orig/FLAIR_mask.nii.gz
sub-112	1	mask	defaceT1w_space-FLAIR	source/training/Amsterdam/GE3T/112/orig/T1_mask.nii.gz
sub-112	1	mask	wmh	source/training/Amsterdam/GE3T/112/wmh.nii.gz
sub-113	1	FLAIR	n/a	source/training/Amsterdam/GE3T/113/orig/FLAIR.nii.gz
sub-113	1	FLAIR	bias	source/training/Amsterdam/GE3T/113/pre/FLAIR.nii.gz
sub-113	1	T1w	n/a	source/training/Amsterdam/GE3T/113/orig/3DT1.nii.gz
sub-113	1	T1w	space-FLAIR	source/training/Amsterdam/GE3T/113/orig/T1.nii.gz
sub-113	1	T1w	bias	source/training/Amsterdam/GE3T/113/pre/3DT1.nii.gz
sub-113	1	T1w	space-FLAIR_bias	source/training/Amsterdam/GE3T/113/pre/T1.nii.gz
sub-113	1	mask	wmh_o3	source/additional_annotations/observer_o3/training/Amsterdam/GE3T/113/result.nii.gz
sub-113	1	mask	wmh_o4	source/additional_annotations/observer_o4/training/Amsterdam/GE3T/113/result.nii.gz
sub-113	1	mask	defaceT1w	source/training/Amsterdam/GE3T/113/orig/3DT1_mask.nii.gz
sub-113	1	mask	defaceFLAIR	source/training/Amsterdam/GE3T/113/orig/FLAIR_mask.nii.gz
sub-113	1	mask	defaceT1w_space-FLAIR	source/training/Amsterdam/GE3T/113/orig/T1_mask.nii.gz
sub-113	1	mask	wmh	source/training/Amsterdam/GE3T/113/wmh.nii.gz
sub-114	1	FLAIR	n/a	source/training/Amsterdam/GE3T/114/orig/FLAIR.nii.gz
sub-114	1	FLAIR	bias	source/training/Amsterdam/GE3T/114/pre/FLAIR.nii.gz
sub-114	1	T1w	n/a	source/training/Amsterdam/GE3T/114/orig/3DT1.nii.gz
sub-114	1	T1w	space-FLAIR	source/training/Amsterdam/GE3T/114/orig/T1.nii.gz
sub-114	1	T1w	bias	source/training/Amsterdam/GE3T/114/pre/3DT1.nii.gz
sub-114	1	T1w	space-FLAIR_bias	source/training/Amsterdam/GE3T/114/pre/T1.nii.gz
sub-114	1	mask	wmh_o3	source/additional_annotations/observer_o3/training/Amsterdam/GE3T/114/result.nii.gz
sub-114	1	mask	wmh_o4	source/additional_annotations/observer_o4/training/Amsterdam/GE3T/114/result.nii.gz
sub-114	1	mask	defaceT1w	source/training/Amsterdam/GE3T/114/orig/3DT1_mask.nii.gz
sub-114	1	mask	defaceFLAIR	source/training/Amsterdam/GE3T/114/orig/FLAIR_mask.nii.gz
sub-114	1	mask	defaceT1w_space-FLAIR	source/training/Amsterdam/GE3T/114/orig/T1_mask.nii.gz
sub-114	1	mask	wmh	source/training/Amsterdam/GE3T/114/wmh.nii.gz
sub-115	1	FLAIR	n/a	source/training/Amsterdam/GE3T/115/orig/FLAIR.nii.gz
sub-115	1	FLAIR	bias	source/training/Amsterdam/GE3T/115/pre/FLAIR.nii.gz
sub-115	1	T1w	n/a	source/training/Amsterdam/GE3T/115/orig/3DT1.nii.gz
sub-115	1	T1w	space-FLAIR	source/training/Amsterdam/GE3T/115/orig/T1.nii.gz
sub-115	1	T1w	bias	source/training/Amsterdam/GE3T/115/pre/3DT1.nii.gz
sub-115	1	T1w	space-FLAIR_bias	source/training/Amsterdam/GE3T/115/pre/T1.nii.gz
sub-115	1	mask	wmh_o3	source/additional_annotations/observer_o3/training/Amsterdam/GE3T/115/result.nii.gz
sub-115	1	mask	wmh_o4	source/additional_annotations/observer_o4/training/Amsterdam/GE3T/115/result.nii.gz
sub-115	1	mask	defaceT1w	source/training/Amsterdam/GE3T/115/orig/3DT1_mask.nii.gz
sub-115	1	mask	defaceFLAIR	source/training/Amsterdam/GE3T/115/orig/FLAIR_mask.nii.gz
sub-115	1	mask	defaceT1w_space-FLAIR	source/training/Amsterdam/GE3T/115/orig/T1_mask.nii.gz
sub-115	1	mask	wmh	source/training/Amsterdam/GE3T/115/wmh.nii.gz
sub-116	1	FLAIR	n/a	source/training/Amsterdam/GE3T/116/orig/FLAIR.nii.gz
sub-116	1	FLAIR	bias	source/training/Amsterdam/GE3T/116/pre/FLAIR.nii.gz
sub-116	1	T1w	n/a	source/training/Amsterdam/GE3T/116/orig/3DT1.nii.gz
sub-116	1	T1w	space-FLAIR	source/training/Amsterdam/GE3T/116/orig/T1.nii.gz
sub-116	1	T1w	bias	source/training/Amsterdam/GE3T/116/pre/3DT1.nii.gz
sub-116	1	T1w	space-FLAIR_bias	source/training/Amsterdam/GE3T/116/pre/T1.nii.gz
sub-116	1	mask	wmh_o3	source/additional_annotations/observer_o3/training/Amsterdam/GE3T/116/result.nii.gz
sub-116	1	mask	wmh_o4	source/additional_annotations/observer_o4/training/Amsterdam/GE3T/116/result.nii.gz
sub-116	1	mask	defaceT1w	source/training/Amsterdam/GE3T/116/orig/3DT1_mask.nii.gz
sub-116	1	mask	defaceFLAIR	source/training/Amsterdam/GE3T/116/orig/FLAIR_mask.nii.gz
sub-116	1	mask	defaceT1w_space-FLAIR	source/training/Amsterdam/GE3T/116/orig/T1_mask.nii.gz
sub-116	1	mask	wmh	source/training/Amsterdam/GE3T/116/wmh.nii.gz
sub-117	1	FLAIR	n/a	source/test/Amsterdam/GE3T/117/orig/FLAIR.nii.gz
sub-117	1	FLAIR	bias	source/test/Amsterdam/GE3T/117/pre/FLAIR.nii.gz
sub-117	1	T1w	n/a	source/test/Amsterdam/GE3T/117/orig/3DT1.nii.gz
sub-117	1	T1w	space-FLAIR	source/test/Amsterdam/GE3T/117/orig/T1.nii.gz
sub-117	1	T1w	bias	source/test/Amsterdam/GE3T/117/pre/3DT1.nii.gz
sub-117	1	T1w	space-FLAIR_bias	source/test/Amsterdam/GE3T/117/pre/T1.nii.gz
sub-117	1	mask	defaceT1w	source/test/Amsterdam/GE3T/117/orig/3DT1_mask.nii.gz
sub-117	1	mask	defaceFLAIR	source/test/Amsterdam/GE3T/117/orig/FLAIR_mask.nii.gz
sub-117	1	mask	defaceT1w_space-FLAIR	source/test/Amsterdam/GE3T/117/orig/T1_mask.nii.gz
sub-117	1	mask	wmh	source/test/Amsterdam/GE3T/117/wmh.nii.gz
sub-118	1	FLAIR	n/a	source/test/Amsterdam/GE3T/118/orig/FLAIR.nii.gz
sub-118	1	FLAIR	bias	source/test/Amsterdam/GE3T/118/pre/FLAIR.nii.gz
sub-118	1	T1w	n/a	source/test/Amsterdam/GE3T/118/orig/3DT1.nii.gz
sub-118	1	T1w	space-FLAIR	source/test/Amsterdam/GE3T/118/orig/T1.nii.gz
sub-118	1	T1w	bias	source/test/Amsterdam/GE3T/118/pre/3DT1.nii.gz
sub-118	1	T1w	space-FLAIR_bias	source/test/Amsterdam/GE3T/118/pre/T1.nii.gz
sub-118	1	mask	defaceT1w	source/test/Amsterdam/GE3T/118/orig/3DT1_mask.nii.gz
sub-118	1	mask	defaceFLAIR	source/test/Amsterdam/GE3T/118/orig/FLAIR_mask.nii.gz
sub-118	1	mask	defaceT1w_space-FLAIR	source/test/Amsterdam/GE3T/118/orig/T1_mask.nii.gz
sub-118	1	mask	wmh	source/test/Amsterdam/GE3T/118/wmh.nii.gz
sub-119	1	FLAIR	n/a	source/test/Amsterdam/GE3T/119/orig/FLAIR.nii.gz
sub-119	1	FLAIR	bias	source/test/Amsterdam/GE3T/119/pre/FLAIR.nii.gz
sub-119	1	T1w	n/a	source/test/Amsterdam/GE3T/119/orig/3DT1.nii.gz
sub-119	1	T1w	space-FLAIR	source/test/Amsterdam/GE3T/119/orig/T1.nii.gz
sub-119	1	T1w	bias	source/test/Amsterdam/GE3T/119/pre/3DT1.nii.gz
sub-119	1	T1w	space-FLAIR_bias	source/test/Amsterdam/GE3T/119/pre/T1.nii.gz
sub-119	1	mask	defaceT1w	source/test/Amsterdam/GE3T/119/orig/3DT1_mask.nii.gz
sub-119	1	mask	defaceFLAIR	source/test/Amsterdam/GE3T/119/orig/FLAIR_mask.nii.gz
sub-119	1	mask	defaceT1w_space-FLAIR	source/test/Amsterdam/GE3T/119/orig/T1_mask.nii.gz
sub-119	1	mask	wmh	source/test/Amsterdam/GE3T/119/wmh.nii.gz
sub-12	1	FLAIR	n/a	source/test/Utrecht/12/orig/FLAIR.nii.gz
sub-12	1	FLAIR	bias	source/test/Utrecht/12/pre/FLAIR.nii.gz
sub-12	1	T1w	n/a	source/test/Utrecht/12/orig/3DT1.nii.gz
sub-12	1	T1w	space-FLAIR	source/test/Utrecht/12/orig/T1.nii.gz
sub-12	1	T1w	bias	source/test/Utrecht/12/pre/3DT1.nii.gz
sub-12	1	T1w	space-FLAIR_bias	source/test/Utrecht/12/pre/T1.nii.gz
sub-12	1	mask	defaceT1w	source/test/Utrecht/12/orig/3DT1_mask.nii.gz
sub-12	1	mask	wmh	source/test/Utrecht/12/wmh.nii.gz
sub-120	1	FLAIR	n/a	source/test/Amsterdam/GE3T/120/orig/FLAIR.nii.gz
sub-120	1	FLAIR	bias	source/test/Amsterdam/GE3T/120/pre/FLAIR.nii.gz
sub-120	1	T1w	n/a	source/test/Amsterdam/GE3T/120/orig/3DT1.nii.gz
sub-120	1	T1w	space-FLAIR	source/test/Amsterdam/GE3T/120/orig/T1.nii.gz
sub-120	1	T1w	bias	source/test/Amsterdam/GE3T/120/pre/3DT1.nii.gz
sub-120	1	T1w	space-FLAIR_bias	source/test/Amsterdam/GE3T/120/pre/T1.nii.gz
sub-120	1	mask	defaceT1w	source/test/Amsterdam/GE3T/120/orig/3DT1_mask.nii.gz
sub-120	1	mask	defaceFLAIR	source/test/Amsterdam/GE3T/120/orig/FLAIR_mask.nii.gz
sub-120	1	mask	defaceT1w_space-FLAIR	source/test/Amsterdam/GE3T/120/orig/T1_mask.nii.gz
sub-120	1	mask	wmh	source/test/Amsterdam/GE3T/120/wmh.nii.gz
sub-121	1	FLAIR	n/a	source/test/Amsterdam/GE3T/121/orig/FLAIR.nii.gz
sub-121	1	FLAIR	bias	source/test/Amsterdam/GE3T/121/pre/FLAIR.nii.gz
sub-121	1	T1w	n/a	source/test/Amsterdam/GE3T/121/orig/3DT1.nii.gz
sub-121	1	T1w	space-FLAIR	source/test/Amsterdam/GE3T/121/orig/T1.nii.gz
sub-121	1	T1w	bias	source/test/Amsterdam/GE3T/121/pre/3DT1.nii.gz
sub-121	1	T1w	space-FLAIR_bias	source/test/Amsterdam/GE3T/121/pre/T1.nii.gz
sub-121	1	mask	defaceT1w	source/test/Amsterdam/GE3T/121/orig/3DT1_mask.nii.gz
sub-121	1	mask	defaceFLAIR	source/test/Amsterdam/GE3T/121/orig/FLAIR_mask.nii.gz
sub-121	1	mask	defaceT1w_space-FLAIR	source/test/Amsterdam/GE3T/121/orig/T1_mask.nii.gz
sub-121	1	mask	wmh	source/test/Amsterdam/GE3T/121/wmh.nii.gz
sub-122	1	FLAIR	n/a	source/test/Amsterdam/GE3T/122/orig/FLAIR.nii.gz
sub-122	1	FLAIR	bias	source/test/Amsterdam/GE3T/122/pre/FLAIR.nii.gz
sub-122	1	T1w	n/a	source/test/Amsterdam/GE3T/122/orig/3DT1.nii.gz
sub-122	1	T1w	space-FLAIR	source/test/Amsterdam/GE3T/122/orig/T1.nii.gz
sub-122	1	T1w	bias	source/test/Amsterdam/GE3T/122/pre/3DT1.nii.gz
sub-122	1	T1w	space-FLAIR_bias	source/test/Amsterdam/GE3T/122/pre/T1.nii.gz
sub-122	1	mask	defaceT1w	source/test/Amsterdam/GE3T/122/orig/3DT1_mask.nii.gz
sub-122	1	mask	defaceFLAIR	source/test/Amsterdam/GE3T/122/orig/FLAIR_mask.nii.gz
sub-122	1	mask	defaceT1w_space-FLAIR	source/test/Amsterdam/GE3T/122/orig/T1_mask.nii.gz
sub-122	1	mask	wmh	source/test/Amsterdam/GE3T/122/wmh.nii.gz
sub-123	1	FLAIR	n/a	source/test/Amsterdam/GE3T/123/orig/FLAIR.nii.gz
sub-123	1	FLAIR	bias	source/test/Amsterdam/GE3T/123/pre/FLAIR.nii.gz
sub-123	1	T1w	n/a	source/test/Amsterdam/GE3T/123/orig/3DT1.nii.gz
sub-123	1	T1w	space-FLAIR	source/test/Amsterdam/GE3T/123/orig/T1.nii.gz
sub-123	1	T1w	bias	source/test/Amsterdam/GE3T/123/pre/3DT1.nii.gz
sub-123	1	T1w	space-FLAIR_bias	source/test/Amsterdam/GE3T/123/pre/T1.nii.gz
sub-123	1	mask	defaceT1w	source/test/Amsterdam/GE3T/123/orig/3DT1_mask.nii.gz
sub-123	1	mask	defaceFLAIR	source/test/Amsterdam/GE3T/123/orig/FLAIR_mask.nii.gz
sub-123	1	mask	defaceT1w_space-FLAIR	source/test/Amsterdam/GE3T/123/orig/T1_mask.nii.gz
sub-123	1	mask	wmh	source/test/Amsterdam/GE3T/123/wmh.nii.gz
sub-124	1	FLAIR	n/a	source/test/Amsterdam/GE3T/124/orig/FLAIR.nii.gz
sub-124	1	FLAIR	bias	source/test/Amsterdam/GE3T/124/pre/FLAIR.nii.gz
sub-124	1	T1w	n/a	source/test/Amsterdam/GE3T/124/orig/3DT1.nii.gz
sub-124	1	T1w	space-FLAIR	source/test/Amsterdam/GE3T/124/orig/T1.nii.gz
sub-124	1	T1w	bias	source/test/Amsterdam/GE3T/124/pre/3DT1.nii.gz
sub-124	1	T1w	space-FLAIR_bias	source/test/Amsterdam/GE3T/124/pre/T1.nii.gz
sub-124	1	mask	defaceT1w	source/test/Amsterdam/GE3T/124/orig/3DT1_mask.nii.gz
sub-124	1	mask	defaceFLAIR	source/test/Amsterdam/GE3T/124/orig/FLAIR_mask.nii.gz
sub-124	1	mask	defaceT1w_space-FLAIR	source/test/Amsterdam/GE3T/124/orig/T1_mask.nii.gz
sub-124	1	mask	wmh	source/test/Amsterdam/GE3T/124/wmh.nii.gz
sub-125	1	FLAIR	n/a	source/test/Amsterdam/GE3T/125/orig/FLAIR.nii.gz
sub-125	1	FLAIR	bias	source/test/Amsterdam/GE3T/125/pre/FLAIR.nii.gz
sub-125	1	T1w	n/a	source/test/Amsterdam/GE3T/125/orig/3DT1.nii.gz
sub-125	1	T1w	space-FLAIR	source/test/Amsterdam/GE3T/125/orig/T1.nii.gz
sub-125	1	T1w	bias	source/test/Amsterdam/GE3T/125/pre/3DT1.nii.gz
sub-125	1	T1w	space-FLAIR_bias	source/test/Amsterdam/GE3T/125/pre/T1.nii.gz
sub-125	1	mask	defaceT1w	source/test/Amsterdam/GE3T/125/orig/3DT1_mask.nii.gz
sub-125	1	mask	defaceFLAIR	source/test/Amsterdam/GE3T/125/orig/FLAIR_mask.nii.gz
sub-125	1	mask	defaceT1w_space-FLAIR	source/test/Amsterdam/GE3T/125/orig/T1_mask.nii.gz
sub-125	1	mask	wmh	source/test/Amsterdam/GE3T/125/wmh.nii.gz
sub-126	1	FLAIR	n/a	source/training/Amsterdam/GE3T/126/orig/FLAIR.nii.gz
sub-126	1	FLAIR	bias	source/training/Amsterdam/GE3T/126/pre/FLAIR.nii.gz
sub-126	1	T1w	n/a	source/training/Amsterdam/GE3T/126/orig/3DT1.nii.gz
sub-126	1	T1w	space-FLAIR	source/training/Amsterdam/GE3T/126/orig/T1.nii.gz
sub-126	1	T1w	bias	source/training/Amsterdam/GE3T/126/pre/3DT1.nii.gz
sub-126	1	T1w	space-FLAIR_bias	source/training/Amsterdam/GE3T/126/pre/T1.nii.gz
sub-126	1	mask	wmh_o3	source/additional_annotations/observer_o3/training/Amsterdam/GE3T/126/result.nii.gz
sub-126	1	mask	wmh_o4	source/additional_annotations/observer_o4/training/Amsterdam/GE3T/126/result.nii.gz
sub-126	1	mask	defaceT1w	source/training/Amsterdam/GE3T/126/orig/3DT1_mask.nii.gz
sub-126	1	mask	defaceFLAIR	source/training/Amsterdam/GE3T/126/orig/FLAIR_mask.nii.gz
sub-126	1	mask	defaceT1w_space-FLAIR	source/training/Amsterdam/GE3T/126/orig/T1_mask.nii.gz
sub-126	1	mask	wmh	source/training/Amsterdam/GE3T/126/wmh.nii.gz
sub-127	1	FLAIR	n/a	source/test/Amsterdam/GE3T/127/orig/FLAIR.nii.gz
sub-127	1	FLAIR	bias	source/test/Amsterdam/GE3T/127/pre/FLAIR.nii.gz
sub-127	1	T1w	n/a	source/test/Amsterdam/GE3T/127/orig/3DT1.nii.gz
sub-127	1	T1w	space-FLAIR	source/test/Amsterdam/GE3T/127/orig/T1.nii.gz
sub-127	1	T1w	bias	source/test/Amsterdam/GE3T/127/pre/3DT1.nii.gz
sub-127	1	T1w	space-FLAIR_bias	source/test/Amsterdam/GE3T/127/pre/T1.nii.gz
sub-127	1	mask	defaceT1w	source/test/Amsterdam/GE3T/127/orig/3DT1_mask.nii.gz
sub-127	1	mask	defaceFLAIR	source/test/Amsterdam/GE3T/127/orig/FLAIR_mask.nii.gz
sub-127	1	mask	defaceT1w_space-FLAIR	source/test/Amsterdam/GE3T/127/orig/T1_mask.nii.gz
sub-127	1	mask	wmh	source/test/Amsterdam/GE3T/127/wmh.nii.gz
sub-128	1	FLAIR	n/a	source/test/Amsterdam/GE3T/128/orig/FLAIR.nii.gz
sub-128	1	FLAIR	bias	source/test/Amsterdam/GE3T/128/pre/FLAIR.nii.gz
sub-128	1	T1w	n/a	source/test/Amsterdam/GE3T/128/orig/3DT1.nii.gz
sub-128	1	T1w	space-FLAIR	source/test/Amsterdam/GE3T/128/orig/T1.nii.gz
sub-128	1	T1w	bias	source/test/Amsterdam/GE3T/128/pre/3DT1.nii.gz
sub-128	1	T1w	space-FLAIR_bias	source/test/Amsterdam/GE3T/128/pre/T1.nii.gz
sub-128	1	mask	defaceT1w	source/test/Amsterdam/GE3T/128/orig/3DT1_mask.nii.gz
sub-128	1	mask	defaceFLAIR	source/test/Amsterdam/GE3T/128/orig/FLAIR_mask.nii.gz
sub-128	1	mask	defaceT1w_space-FLAIR	source/test/Amsterdam/GE3T/128/orig/T1_mask.nii.gz
sub-128	1	mask	wmh	source/test/Amsterdam/GE3T/128/wmh.nii.gz
sub-129	1	FLAIR	n/a	source/test/Amsterdam/GE3T/129/orig/FLAIR.nii.gz
sub-129	1	FLAIR	bias	source/test/Amsterdam/GE3T/129/pre/FLAIR.nii.gz
sub-129	1	T1w	n/a	source/test/Amsterdam/GE3T/129/orig/3DT1.nii.gz
sub-129	1	T1w	space-FLAIR	source/test/Amsterdam/GE3T/129/orig/T1.nii.gz
sub-129	1	T1w	bias	source/test/Amsterdam/GE3T/129/pre/3DT1.nii.gz
sub-129	1	T1w	space-FLAIR_bias	source/test/Amsterdam/GE3T/129/pre/T1.nii.gz
sub-129	1	mask	defaceT1w	source/test/Amsterdam/GE3T/129/orig/3DT1_mask.nii.gz
sub-129	1	mask	defaceFLAIR	source/test/Amsterdam/GE3T/129/orig/FLAIR_mask.nii.gz
sub-129	1	mask	defaceT1w_space-FLAIR	source/test/Amsterdam/GE3T/129/orig/T1_mask.nii.gz
sub-129	1	mask	wmh	source/test/Amsterdam/GE3T/129/wmh.nii.gz
sub-13	1	FLAIR	n/a	source/test/Utrecht/13/orig/FLAIR.nii.gz
sub-13	1	FLAIR	bias	source/test/Utrecht/13/pre/FLAIR.nii.gz
sub-13	1	T1w	n/a	source/test/Utrecht/13/orig/3DT1.nii.gz
sub-13	1	T1w	space-FLAIR	source/test/Utrecht/13/orig/T1.nii.gz
sub-13	1	T1w	bias	source/test/Utrecht/13/pre/3DT1.nii.gz
sub-13	1	T1w	space-FLAIR_bias	source/test/Utrecht/13/pre/T1.nii.gz
sub-13	1	mask	defaceT1w	source/test/Utrecht/13/orig/3DT1_mask.nii.gz
sub-13	1	mask	wmh	source/test/Utrecht/13/wmh.nii.gz
sub-130	1	FLAIR	n/a	source/test/Amsterdam/GE3T/130/orig/FLAIR.nii.gz
sub-130	1	FLAIR	bias	source/test/Amsterdam/GE3T/130/pre/FLAIR.nii.gz
sub-130	1	T1w	n/a	source/test/Amsterdam/GE3T/130/orig/3DT1.nii.gz
sub-130	1	T1w	space-FLAIR	source/test/Amsterdam/GE3T/130/orig/T1.nii.gz
sub-130	1	T1w	bias	source/test/Amsterdam/GE3T/130/pre/3DT1.nii.gz
sub-130	1	T1w	space-FLAIR_bias	source/test/Amsterdam/GE3T/130/pre/T1.nii.gz
sub-130	1	mask	defaceT1w	source/test/Amsterdam/GE3T/130/orig/3DT1_mask.nii.gz
sub-130	1	mask	defaceFLAIR	source/test/Amsterdam/GE3T/130/orig/FLAIR_mask.nii.gz
sub-130	1	mask	defaceT1w_space-FLAIR	source/test/Amsterdam/GE3T/130/orig/T1_mask.nii.gz
sub-130	1	mask	wmh	source/test/Amsterdam/GE3T/130/wmh.nii.gz
sub-131	1	FLAIR	n/a	source/test/Amsterdam/GE3T/131/orig/FLAIR.nii.gz
sub-131	1	FLAIR	bias	source/test/Amsterdam/GE3T/131/pre/FLAIR.nii.gz
sub-131	1	T1w	n/a	source/test/Amsterdam/GE3T/131/orig/3DT1.nii.gz
sub-131	1	T1w	space-FLAIR	source/test/Amsterdam/GE3T/131/orig/T1.nii.gz
sub-131	1	T1w	bias	source/test/Amsterdam/GE3T/131/pre/3DT1.nii.gz
sub-131	1	T1w	space-FLAIR_bias	source/test/Amsterdam/GE3T/131/pre/T1.nii.gz
sub-131	1	mask	defaceT1w	source/test/Amsterdam/GE3T/131/orig/3DT1_mask.nii.gz
sub-131	1	mask	defaceFLAIR	source/test/Amsterdam/GE3T/131/orig/FLAIR_mask.nii.gz
sub-131	1	mask	defaceT1w_space-FLAIR	source/test/Amsterdam/GE3T/131/orig/T1_mask.nii.gz
sub-131	1	mask	wmh	source/test/Amsterdam/GE3T/131/wmh.nii.gz
sub-132	1	FLAIR	n/a	source/training/Amsterdam/GE3T/132/orig/FLAIR.nii.gz
sub-132	1	FLAIR	bias	source/training/Amsterdam/GE3T/132/pre/FLAIR.nii.gz
sub-132	1	T1w	n/a	source/training/Amsterdam/GE3T/132/orig/3DT1.nii.gz
sub-132	1	T1w	space-FLAIR	source/training/Amsterdam/GE3T/132/orig/T1.nii.gz
sub-132	1	T1w	bias	source/training/Amsterdam/GE3T/132/pre/3DT1.nii.gz
sub-132	1	T1w	space-FLAIR_bias	source/training/Amsterdam/GE3T/132/pre/T1.nii.gz
sub-132	1	mask	wmh_o3	source/additional_annotations/observer_o3/training/Amsterdam/GE3T/132/result.nii.gz
sub-132	1	mask	wmh_o4	source/additional_annotations/observer_o4/training/Amsterdam/GE3T/132/result.nii.gz
sub-132	1	mask	defaceT1w	source/training/Amsterdam/GE3T/132/orig/3DT1_mask.nii.gz
sub-132	1	mask	defaceFLAIR	source/training/Amsterdam/GE3T/132/orig/FLAIR_mask.nii.gz
sub-132	1	mask	defaceT1w_space-FLAIR	source/training/Amsterdam/GE3T/132/orig/T1_mask.nii.gz
sub-132	1	mask	wmh	source/training/Amsterdam/GE3T/132/wmh.nii.gz
sub-133	1	FLAIR	n/a	source/test/Amsterdam/GE3T/133/orig/FLAIR.nii.gz
sub-133	1	FLAIR	bias	source/test/Amsterdam/GE3T/133/pre/FLAIR.nii.gz
sub-133	1	T1w	n/a	source/test/Amsterdam/GE3T/133/orig/3DT1.nii.gz
sub-133	1	T1w	space-FLAIR	source/test/Amsterdam/GE3T/133/orig/T1.nii.gz
sub-133	1	T1w	bias	source/test/Amsterdam/GE3T/133/pre/3DT1.nii.gz
sub-133	1	T1w	space-FLAIR_bias	source/test/Amsterdam/GE3T/133/pre/T1.nii.gz
sub-133	1	mask	defaceT1w	source/test/Amsterdam/GE3T/133/orig/3DT1_mask.nii.gz
sub-133	1	mask	defaceFLAIR	source/test/Amsterdam/GE3T/133/orig/FLAIR_mask.nii.gz
sub-133	1	mask	defaceT1w_space-FLAIR	source/test/Amsterdam/GE3T/133/orig/T1_mask.nii.gz
sub-133	1	mask	wmh	source/test/Amsterdam/GE3T/133/wmh.nii.gz
sub-134	1	FLAIR	n/a	source/test/Amsterdam/GE3T/134/orig/FLAIR.nii.gz
sub-134	1	FLAIR	bias	source/test/Amsterdam/GE3T/134/pre/FLAIR.nii.gz
sub-134	1	T1w	n/a	source/test/Amsterdam/GE3T/134/orig/3DT1.nii.gz
sub-134	1	T1w	space-FLAIR	source/test/Amsterdam/GE3T/134/orig/T1.nii.gz
sub-134	1	T1w	bias	source/test/Amsterdam/GE3T/134/pre/3DT1.nii.gz
sub-134	1	T1w	space-FLAIR_bias	source/test/Amsterdam/GE3T/134/pre/T1.nii.gz
sub-134	1	mask	defaceT1w	source/test/Amsterdam/GE3T/134/orig/3DT1_mask.nii.gz
sub-134	1	mask	defaceFLAIR	source/test/Amsterdam/GE3T/134/orig/FLAIR_mask.nii.gz
sub-134	1	mask	defaceT1w_space-FLAIR	source/test/Amsterdam/GE3T/134/orig/T1_mask.nii.gz
sub-134	1	mask	wmh	source/test/Amsterdam/GE3T/134/wmh.nii.gz
sub-135	1	FLAIR	n/a	source/test/Amsterdam/GE3T/135/orig/FLAIR.nii.gz
sub-135	1	FLAIR	bias	source/test/Amsterdam/GE3T/135/pre/FLAIR.nii.gz
sub-135	1	T1w	n/a	source/test/Amsterdam/GE3T/135/orig/3DT1.nii.gz
sub-135	1	T1w	space-FLAIR	source/test/Amsterdam/GE3T/135/orig/T1.nii.gz
sub-135	1	T1w	bias	source/test/Amsterdam/GE3T/135/pre/3DT1.nii.gz
sub-135	1	T1w	space-FLAIR_bias	source/test/Amsterdam/GE3T/135/pre/T1.nii.gz
sub-135	1	mask	defaceT1w	source/test/Amsterdam/GE3T/135/orig/3DT1_mask.nii.gz
sub-135	1	mask	defaceFLAIR	source/test/Amsterdam/GE3T/135/orig/FLAIR_mask.nii.gz
sub-135	1	mask	defaceT1w_space-FLAIR	source/test/Amsterdam/GE3T/135/orig/T1_mask.nii.gz
sub-135	1	mask	wmh	source/test/Amsterdam/GE3T/135/wmh.nii.gz
sub-136	1	FLAIR	n/a	source/test/Amsterdam/GE3T/136/orig/FLAIR.nii.gz
sub-136	1	FLAIR	bias	source/test/Amsterdam/GE3T/136/pre/FLAIR.nii.gz
sub-136	1	T1w	n/a	source/test/Amsterdam/GE3T/136/orig/3DT1.nii.gz
sub-136	1	T1w	space-FLAIR	source/test/Amsterdam/GE3T/136/orig/T1.nii.gz
sub-136	1	T1w	bias	source/test/Amsterdam/GE3T/136/pre/3DT1.nii.gz
sub-136	1	T1w	space-FLAIR_bias	source/test/Amsterdam/GE3T/136/pre/T1.nii.gz
sub-136	1	mask	defaceT1w	source/test/Amsterdam/GE3T/136/orig/3DT1_mask.nii.gz
sub-136	1	mask	defaceFLAIR	source/test/Amsterdam/GE3T/136/orig/FLAIR_mask.nii.gz
sub-136	1	mask	defaceT1w_space-FLAIR	source/test/Amsterdam/GE3T/136/orig/T1_mask.nii.gz
sub-136	1	mask	wmh	source/test/Amsterdam/GE3T/136/wmh.nii.gz
sub-137	1	FLAIR	n/a	source/training/Amsterdam/GE3T/137/orig/FLAIR.nii.gz
sub-137	1	FLAIR	bias	source/training/Amsterdam/GE3T/137/pre/FLAIR.nii.gz
sub-137	1	T1w	n/a	source/training/Amsterdam/GE3T/137/orig/3DT1.nii.gz
sub-137	1	T1w	space-FLAIR	source/training/Amsterdam/GE3T/137/orig/T1.nii.gz
sub-137	1	T1w	bias	source/training/Amsterdam/GE3T/137/pre/3DT1.nii.gz
sub-137	1	T1w	space-FLAIR_bias	source/training/Amsterdam/GE3T/137/pre/T1.nii.gz
sub-137	1	mask	wmh_o3	source/additional_annotations/observer_o3/training/Amsterdam/GE3T/137/result.nii.gz
sub-137	1	mask	wmh_o4	source/additional_annotations/observer_o4/training/Amsterdam/GE3T/137/result.nii.gz
sub-137	1	mask	defaceT1w	source/training/Amsterdam/GE3T/137/orig/3DT1_mask.nii.gz
sub-137	1	mask	defaceFLAIR	source/training/Amsterdam/GE3T/137/orig/FLAIR_mask.nii.gz
sub-137	1	mask	defaceT1w_space-FLAIR	source/training/Amsterdam/GE3T/137/orig/T1_mask.nii.gz
sub-137	1	mask	wmh	source/training/Amsterdam/GE3T/137/wmh.nii.gz
sub-138	1	FLAIR	n/a	source/test/Amsterdam/GE3T/138/orig/FLAIR.nii.gz
sub-138	1	FLAIR	bias	source/test/Amsterdam/GE3T/138/pre/FLAIR.nii.gz
sub-138	1	T1w	n/a	source/test/Amsterdam/GE3T/138/orig/3DT1.nii.gz
sub-138	1	T1w	space-FLAIR	source/test/Amsterdam/GE3T/138/orig/T1.nii.gz
sub-138	1	T1w	bias	source/test/Amsterdam/GE3T/138/pre/3DT1.nii.gz
sub-138	1	T1w	space-FLAIR_bias	source/test/Amsterdam/GE3T/138/pre/T1.nii.gz
sub-138	1	mask	defaceT1w	source/test/Amsterdam/GE3T/138/orig/3DT1_mask.nii.gz
sub-138	1	mask	defaceFLAIR	source/test/Amsterdam/GE3T/138/orig/FLAIR_mask.nii.gz
sub-138	1	mask	defaceT1w_space-FLAIR	source/test/Amsterdam/GE3T/138/orig/T1_mask.nii.gz
sub-138	1	mask	wmh	source/test/Amsterdam/GE3T/138/wmh.nii.gz
sub-139	1	FLAIR	n/a	source/test/Amsterdam/GE3T/139/orig/FLAIR.nii.gz
sub-139	1	FLAIR	bias	source/test/Amsterdam/GE3T/139/pre/FLAIR.nii.gz
sub-139	1	T1w	n/a	source/test/Amsterdam/GE3T/139/orig/3DT1.nii.gz
sub-139	1	T1w	space-FLAIR	source/test/Amsterdam/GE3T/139/orig/T1.nii.gz
sub-139	1	T1w	bias	source/test/Amsterdam/GE3T/139/pre/3DT1.nii.gz
sub-139	1	T1w	space-FLAIR_bias	source/test/Amsterdam/GE3T/139/pre/T1.nii.gz
sub-139	1	mask	defaceT1w	source/test/Amsterdam/GE3T/139/orig/3DT1_mask.nii.gz
sub-139	1	mask	defaceFLAIR	source/test/Amsterdam/GE3T/139/orig/FLAIR_mask.nii.gz
sub-139	1	mask	defaceT1w_space-FLAIR	source/test/Amsterdam/GE3T/139/orig/T1_mask.nii.gz
sub-139	1	mask	wmh	source/test/Amsterdam/GE3T/139/wmh.nii.gz
sub-14	1	FLAIR	n/a	source/test/Utrecht/14/orig/FLAIR.nii.gz
sub-14	1	FLAIR	bias	source/test/Utrecht/14/pre/FLAIR.nii.gz
sub-14	1	T1w	n/a	source/test/Utrecht/14/orig/3DT1.nii.gz
sub-14	1	T1w	space-FLAIR	source/test/Utrecht/14/orig/T1.nii.gz
sub-14	1	T1w	bias	source/test/Utrecht/14/pre/3DT1.nii.gz
sub-14	1	T1w	space-FLAIR_bias	source/test/Utrecht/14/pre/T1.nii.gz
sub-14	1	mask	defaceT1w	source/test/Utrecht/14/orig/3DT1_mask.nii.gz
sub-14	1	mask	wmh	source/test/Utrecht/14/wmh.nii.gz
sub-140	1	FLAIR	n/a	source/test/Amsterdam/GE3T/140/orig/FLAIR.nii.gz
sub-140	1	FLAIR	bias	source/test/Amsterdam/GE3T/140/pre/FLAIR.nii.gz
sub-140	1	T1w	n/a	source/test/Amsterdam/GE3T/140/orig/3DT1.nii.gz
sub-140	1	T1w	space-FLAIR	source/test/Amsterdam/GE3T/140/orig/T1.nii.gz
sub-140	1	T1w	bias	source/test/Amsterdam/GE3T/140/pre/3DT1.nii.gz
sub-140	1	T1w	space-FLAIR_bias	source/test/Amsterdam/GE3T/140/pre/T1.nii.gz
sub-140	1	mask	defaceT1w	source/test/Amsterdam/GE3T/140/orig/3DT1_mask.nii.gz
sub-140	1	mask	defaceFLAIR	source/test/Amsterdam/GE3T/140/orig/FLAIR_mask.nii.gz
sub-140	1	mask	defaceT1w_space-FLAIR	source/test/Amsterdam/GE3T/140/orig/T1_mask.nii.gz
sub-140	1	mask	wmh	source/test/Amsterdam/GE3T/140/wmh.nii.gz
sub-141	1	FLAIR	n/a	source/test/Amsterdam/GE3T/141/orig/FLAIR.nii.gz
sub-141	1	FLAIR	bias	source/test/Amsterdam/GE3T/141/pre/FLAIR.nii.gz
sub-141	1	T1w	n/a	source/test/Amsterdam/GE3T/141/orig/3DT1.nii.gz
sub-141	1	T1w	space-FLAIR	source/test/Amsterdam/GE3T/141/orig/T1.nii.gz
sub-141	1	T1w	bias	source/test/Amsterdam/GE3T/141/pre/3DT1.nii.gz
sub-141	1	T1w	space-FLAIR_bias	source/test/Amsterdam/GE3T/141/pre/T1.nii.gz
sub-141	1	mask	defaceT1w	source/test/Amsterdam/GE3T/141/orig/3DT1_mask.nii.gz
sub-141	1	mask	defaceFLAIR	source/test/Amsterdam/GE3T/141/orig/FLAIR_mask.nii.gz
sub-141	1	mask	defaceT1w_space-FLAIR	source/test/Amsterdam/GE3T/141/orig/T1_mask.nii.gz
sub-141	1	mask	wmh	source/test/Amsterdam/GE3T/141/wmh.nii.gz
sub-142	1	FLAIR	n/a	source/test/Amsterdam/GE3T/142/orig/FLAIR.nii.gz
sub-142	1	FLAIR	bias	source/test/Amsterdam/GE3T/142/pre/FLAIR.nii.gz
sub-142	1	T1w	n/a	source/test/Amsterdam/GE3T/142/orig/3DT1.nii.gz
sub-142	1	T1w	space-FLAIR	source/test/Amsterdam/GE3T/142/orig/T1.nii.gz
sub-142	1	T1w	bias	source/test/Amsterdam/GE3T/142/pre/3DT1.nii.gz
sub-142	1	T1w	space-FLAIR_bias	source/test/Amsterdam/GE3T/142/pre/T1.nii.gz
sub-142	1	mask	defaceT1w	source/test/Amsterdam/GE3T/142/orig/3DT1_mask.nii.gz
sub-142	1	mask	defaceFLAIR	source/test/Amsterdam/GE3T/142/orig/FLAIR_mask.nii.gz
sub-142	1	mask	defaceT1w_space-FLAIR	source/test/Amsterdam/GE3T/142/orig/T1_mask.nii.gz
sub-142	1	mask	wmh	source/test/Amsterdam/GE3T/142/wmh.nii.gz
sub-143	1	FLAIR	n/a	source/test/Amsterdam/GE3T/143/orig/FLAIR.nii.gz
sub-143	1	FLAIR	bias	source/test/Amsterdam/GE3T/143/pre/FLAIR.nii.gz
sub-143	1	T1w	n/a	source/test/Amsterdam/GE3T/143/orig/3DT1.nii.gz
sub-143	1	T1w	space-FLAIR	source/test/Amsterdam/GE3T/143/orig/T1.nii.gz
sub-143	1	T1w	bias	source/test/Amsterdam/GE3T/143/pre/3DT1.nii.gz
sub-143	1	T1w	space-FLAIR_bias	source/test/Amsterdam/GE3T/143/pre/T1.nii.gz
sub-143	1	mask	defaceT1w	source/test/Amsterdam/GE3T/143/orig/3DT1_mask.nii.gz
sub-143	1	mask	defaceFLAIR	source/test/Amsterdam/GE3T/143/orig/FLAIR_mask.nii.gz
sub-143	1	mask	defaceT1w_space-FLAIR	source/test/Amsterdam/GE3T/143/orig/T1_mask.nii.gz
sub-143	1	mask	wmh	source/test/Amsterdam/GE3T/143/wmh.nii.gz
sub-144	1	FLAIR	n/a	source/training/Amsterdam/GE3T/144/orig/FLAIR.nii.gz
sub-144	1	FLAIR	bias	source/training/Amsterdam/GE3T/144/pre/FLAIR.nii.gz
sub-144	1	T1w	n/a	source/training/Amsterdam/GE3T/144/orig/3DT1.nii.gz
sub-144	1	T1w	space-FLAIR	source/training/Amsterdam/GE3T/144/orig/T1.nii.gz
sub-144	1	T1w	bias	source/training/Amsterdam/GE3T/144/pre/3DT1.nii.gz
sub-144	1	T1w	space-FLAIR_bias	source/training/Amsterdam/GE3T/144/pre/T1.nii.gz
sub-144	1	mask	wmh_o3	source/additional_annotations/observer_o3/training/Amsterdam/GE3T/144/result.nii.gz
sub-144	1	mask	wmh_o4	source/additional_annotations/observer_o4/training/Amsterdam/GE3T/144/result.nii.gz
sub-144	1	mask	defaceT1w	source/training/Amsterdam/GE3T/144/orig/3DT1_mask.nii.gz
sub-144	1	mask	defaceFLAIR	source/training/Amsterdam/GE3T/144/orig/FLAIR_mask.nii.gz
sub-144	1	mask	defaceT1w_space-FLAIR	source/training/Amsterdam/GE3T/144/orig/T1_mask.nii.gz
sub-144	1	mask	wmh	source/training/Amsterdam/GE3T/144/wmh.nii.gz
sub-145	1	FLAIR	n/a	source/test/Amsterdam/GE3T/145/orig/FLAIR.nii.gz
sub-145	1	FLAIR	bias	source/test/Amsterdam/GE3T/145/pre/FLAIR.nii.gz
sub-145	1	T1w	n/a	source/test/Amsterdam/GE3T/145/orig/3DT1.nii.gz
sub-145	1	T1w	space-FLAIR	source/test/Amsterdam/GE3T/145/orig/T1.nii.gz
sub-145	1	T1w	bias	source/test/Amsterdam/GE3T/145/pre/3DT1.nii.gz
sub-145	1	T1w	space-FLAIR_bias	source/test/Amsterdam/GE3T/145/pre/T1.nii.gz
sub-145	1	mask	defaceT1w	source/test/Amsterdam/GE3T/145/orig/3DT1_mask.nii.gz
sub-145	1	mask	defaceFLAIR	source/test/Amsterdam/GE3T/145/orig/FLAIR_mask.nii.gz
sub-145	1	mask	defaceT1w_space-FLAIR	source/test/Amsterdam/GE3T/145/orig/T1_mask.nii.gz
sub-145	1	mask	wmh	source/test/Amsterdam/GE3T/145/wmh.nii.gz
sub-146	1	FLAIR	n/a	source/test/Amsterdam/GE3T/146/orig/FLAIR.nii.gz
sub-146	1	FLAIR	bias	source/test/Amsterdam/GE3T/146/pre/FLAIR.nii.gz
sub-146	1	T1w	n/a	source/test/Amsterdam/GE3T/146/orig/3DT1.nii.gz
sub-146	1	T1w	space-FLAIR	source/test/Amsterdam/GE3T/146/orig/T1.nii.gz
sub-146	1	T1w	bias	source/test/Amsterdam/GE3T/146/pre/3DT1.nii.gz
sub-146	1	T1w	space-FLAIR_bias	source/test/Amsterdam/GE3T/146/pre/T1.nii.gz
sub-146	1	mask	defaceT1w	source/test/Amsterdam/GE3T/146/orig/3DT1_mask.nii.gz
sub-146	1	mask	defaceFLAIR	source/test/Amsterdam/GE3T/146/orig/FLAIR_mask.nii.gz
sub-146	1	mask	defaceT1w_space-FLAIR	source/test/Amsterdam/GE3T/146/orig/T1_mask.nii.gz
sub-146	1	mask	wmh	source/test/Amsterdam/GE3T/146/wmh.nii.gz
sub-147	1	FLAIR	n/a	source/test/Amsterdam/GE3T/147/orig/FLAIR.nii.gz
sub-147	1	FLAIR	bias	source/test/Amsterdam/GE3T/147/pre/FLAIR.nii.gz
sub-147	1	T1w	n/a	source/test/Amsterdam/GE3T/147/orig/3DT1.nii.gz
sub-147	1	T1w	space-FLAIR	source/test/Amsterdam/GE3T/147/orig/T1.nii.gz
sub-147	1	T1w	bias	source/test/Amsterdam/GE3T/147/pre/3DT1.nii.gz
sub-147	1	T1w	space-FLAIR_bias	source/test/Amsterdam/GE3T/147/pre/T1.nii.gz
sub-147	1	mask	defaceT1w	source/test/Amsterdam/GE3T/147/orig/3DT1_mask.nii.gz
sub-147	1	mask	defaceFLAIR	source/test/Amsterdam/GE3T/147/orig/FLAIR_mask.nii.gz
sub-147	1	mask	defaceT1w_space-FLAIR	source/test/Amsterdam/GE3T/147/orig/T1_mask.nii.gz
sub-147	1	mask	wmh	source/test/Amsterdam/GE3T/147/wmh.nii.gz
sub-148	1	FLAIR	n/a	source/test/Amsterdam/GE3T/148/orig/FLAIR.nii.gz
sub-148	1	FLAIR	bias	source/test/Amsterdam/GE3T/148/pre/FLAIR.nii.gz
sub-148	1	T1w	n/a	source/test/Amsterdam/GE3T/148/orig/3DT1.nii.gz
sub-148	1	T1w	space-FLAIR	source/test/Amsterdam/GE3T/148/orig/T1.nii.gz
sub-148	1	T1w	bias	source/test/Amsterdam/GE3T/148/pre/3DT1.nii.gz
sub-148	1	T1w	space-FLAIR_bias	source/test/Amsterdam/GE3T/148/pre/T1.nii.gz
sub-148	1	mask	defaceT1w	source/test/Amsterdam/GE3T/148/orig/3DT1_mask.nii.gz
sub-148	1	mask	defaceFLAIR	source/test/Amsterdam/GE3T/148/orig/FLAIR_mask.nii.gz
sub-148	1	mask	defaceT1w_space-FLAIR	source/test/Amsterdam/GE3T/148/orig/T1_mask.nii.gz
sub-148	1	mask	wmh	source/test/Amsterdam/GE3T/148/wmh.nii.gz
sub-149	1	FLAIR	n/a	source/test/Amsterdam/GE3T/149/orig/FLAIR.nii.gz
sub-149	1	FLAIR	bias	source/test/Amsterdam/GE3T/149/pre/FLAIR.nii.gz
sub-149	1	T1w	n/a	source/test/Amsterdam/GE3T/149/orig/3DT1.nii.gz
sub-149	1	T1w	space-FLAIR	source/test/Amsterdam/GE3T/149/orig/T1.nii.gz
sub-149	1	T1w	bias	source/test/Amsterdam/GE3T/149/pre/3DT1.nii.gz
sub-149	1	T1w	space-FLAIR_bias	source/test/Amsterdam/GE3T/149/pre/T1.nii.gz
sub-149	1	mask	defaceT1w	source/test/Amsterdam/GE3T/149/orig/3DT1_mask.nii.gz
sub-149	1	mask	defaceFLAIR	source/test/Amsterdam/GE3T/149/orig/FLAIR_mask.nii.gz
sub-149	1	mask	defaceT1w_space-FLAIR	source/test/Amsterdam/GE3T/149/orig/T1_mask.nii.gz
sub-149	1	mask	wmh	source/test/Amsterdam/GE3T/149/wmh.nii.gz
sub-15	1	FLAIR	n/a	source/test/Utrecht/15/orig/FLAIR.nii.gz
sub-15	1	FLAIR	bias	source/test/Utrecht/15/pre/FLAIR.nii.gz
sub-15	1	T1w	n/a	source/test/Utrecht/15/orig/3DT1.nii.gz
sub-15	1	T1w	space-FLAIR	source/test/Utrecht/15/orig/T1.nii.gz
sub-15	1	T1w	bias	source/test/Utrecht/15/pre/3DT1.nii.gz
sub-15	1	T1w	space-FLAIR_bias	source/test/Utrecht/15/pre/T1.nii.gz
sub-15	1	mask	defaceT1w	source/test/Utrecht/15/orig/3DT1_mask.nii.gz
sub-15	1	mask	wmh	source/test/Utrecht/15/wmh.nii.gz
sub-150	1	FLAIR	n/a	source/test/Amsterdam/GE1T5/150/orig/FLAIR.nii.gz
sub-150	1	FLAIR	bias	source/test/Amsterdam/GE1T5/150/pre/FLAIR.nii.gz
sub-150	1	T1w	n/a	source/test/Amsterdam/GE1T5/150/orig/3DT1.nii.gz
sub-150	1	T1w	space-FLAIR	source/test/Amsterdam/GE1T5/150/orig/T1.nii.gz
sub-150	1	T1w	bias	source/test/Amsterdam/GE1T5/150/pre/3DT1.nii.gz
sub-150	1	T1w	space-FLAIR_bias	source/test/Amsterdam/GE1T5/150/pre/T1.nii.gz
sub-150	1	mask	defaceT1w	source/test/Amsterdam/GE1T5/150/orig/3DT1_mask.nii.gz
sub-150	1	mask	defaceFLAIR	source/test/Amsterdam/GE1T5/150/orig/FLAIR_mask.nii.gz
sub-150	1	mask	defaceT1w_space-FLAIR	source/test/Amsterdam/GE1T5/150/orig/T1_mask.nii.gz
sub-150	1	mask	wmh	source/test/Amsterdam/GE1T5/150/wmh.nii.gz
sub-151	1	FLAIR	n/a	source/test/Amsterdam/GE1T5/151/orig/FLAIR.nii.gz
sub-151	1	FLAIR	bias	source/test/Amsterdam/GE1T5/151/pre/FLAIR.nii.gz
sub-151	1	T1w	n/a	source/test/Amsterdam/GE1T5/151/orig/3DT1.nii.gz
sub-151	1	T1w	space-FLAIR	source/test/Amsterdam/GE1T5/151/orig/T1.nii.gz
sub-151	1	T1w	bias	source/test/Amsterdam/GE1T5/151/pre/3DT1.nii.gz
sub-151	1	T1w	space-FLAIR_bias	source/test/Amsterdam/GE1T5/151/pre/T1.nii.gz
sub-151	1	mask	defaceT1w	source/test/Amsterdam/GE1T5/151/orig/3DT1_mask.nii.gz
sub-151	1	mask	defaceFLAIR	source/test/Amsterdam/GE1T5/151/orig/FLAIR_mask.nii.gz
sub-151	1	mask	defaceT1w_space-FLAIR	source/test/Amsterdam/GE1T5/151/orig/T1_mask.nii.gz
sub-151	1	mask	wmh	source/test/Amsterdam/GE1T5/151/wmh.nii.gz
sub-152	1	FLAIR	n/a	source/test/Amsterdam/GE1T5/152/orig/FLAIR.nii.gz
sub-152	1	FLAIR	bias	source/test/Amsterdam/GE1T5/152/pre/FLAIR.nii.gz
sub-152	1	T1w	n/a	source/test/Amsterdam/GE1T5/152/orig/3DT1.nii.gz
sub-152	1	T1w	space-FLAIR	source/test/Amsterdam/GE1T5/152/orig/T1.nii.gz
sub-152	1	T1w	bias	source/test/Amsterdam/GE1T5/152/pre/3DT1.nii.gz
sub-152	1	T1w	space-FLAIR_bias	source/test/Amsterdam/GE1T5/152/pre/T1.nii.gz
sub-152	1	mask	defaceT1w	source/test/Amsterdam/GE1T5/152/orig/3DT1_mask.nii.gz
sub-152	1	mask	defaceFLAIR	source/test/Amsterdam/GE1T5/152/orig/FLAIR_mask.nii.gz
sub-152	1	mask	defaceT1w_space-FLAIR	source/test/Amsterdam/GE1T5/152/orig/T1_mask.nii.gz
sub-152	1	mask	wmh	source/test/Amsterdam/GE1T5/152/wmh.nii.gz
sub-153	1	FLAIR	n/a	source/test/Amsterdam/GE1T5/153/orig/FLAIR.nii.gz
sub-153	1	FLAIR	bias	source/test/Amsterdam/GE1T5/153/pre/FLAIR.nii.gz
sub-153	1	T1w	n/a	source/test/Amsterdam/GE1T5/153/orig/3DT1.nii.gz
sub-153	1	T1w	space-FLAIR	source/test/Amsterdam/GE1T5/153/orig/T1.nii.gz
sub-153	1	T1w	bias	source/test/Amsterdam/GE1T5/153/pre/3DT1.nii.gz
sub-153	1	T1w	space-FLAIR_bias	source/test/Amsterdam/GE1T5/153/pre/T1.nii.gz
sub-153	1	mask	defaceT1w	source/test/Amsterdam/GE1T5/153/orig/3DT1_mask.nii.gz
sub-153	1	mask	defaceFLAIR	source/test/Amsterdam/GE1T5/153/orig/FLAIR_mask.nii.gz
sub-153	1	mask	defaceT1w_space-FLAIR	source/test/Amsterdam/GE1T5/153/orig/T1_mask.nii.gz
sub-153	1	mask	wmh	source/test/Amsterdam/GE1T5/153/wmh.nii.gz
sub-154	1	FLAIR	n/a	source/test/Amsterdam/GE1T5/154/orig/FLAIR.nii.gz
sub-154	1	FLAIR	bias	source/test/Amsterdam/GE1T5/154/pre/FLAIR.nii.gz
sub-154	1	T1w	n/a	source/test/Amsterdam/GE1T5/154/orig/3DT1.nii.gz
sub-154	1	T1w	space-FLAIR	source/test/Amsterdam/GE1T5/154/orig/T1.nii.gz
sub-154	1	T1w	bias	source/test/Amsterdam/GE1T5/154/pre/3DT1.nii.gz
sub-154	1	T1w	space-FLAIR_bias	source/test/Amsterdam/GE1T5/154/pre/T1.nii.gz
sub-154	1	mask	defaceT1w	source/test/Amsterdam/GE1T5/154/orig/3DT1_mask.nii.gz
sub-154	1	mask	defaceFLAIR	source/test/Amsterdam/GE1T5/154/orig/FLAIR_mask.nii.gz
sub-154	1	mask	defaceT1w_space-FLAIR	source/test/Amsterdam/GE1T5/154/orig/T1_mask.nii.gz
sub-154	1	mask	wmh	source/test/Amsterdam/GE1T5/154/wmh.nii.gz
sub-155	1	FLAIR	n/a	source/test/Amsterdam/GE1T5/155/orig/FLAIR.nii.gz
sub-155	1	FLAIR	bias	source/test/Amsterdam/GE1T5/155/pre/FLAIR.nii.gz
sub-155	1	T1w	n/a	source/test/Amsterdam/GE1T5/155/orig/3DT1.nii.gz
sub-155	1	T1w	space-FLAIR	source/test/Amsterdam/GE1T5/155/orig/T1.nii.gz
sub-155	1	T1w	bias	source/test/Amsterdam/GE1T5/155/pre/3DT1.nii.gz
sub-155	1	T1w	space-FLAIR_bias	source/test/Amsterdam/GE1T5/155/pre/T1.nii.gz
sub-155	1	mask	defaceT1w	source/test/Amsterdam/GE1T5/155/orig/3DT1_mask.nii.gz
sub-155	1	mask	defaceFLAIR	source/test/Amsterdam/GE1T5/155/orig/FLAIR_mask.nii.gz
sub-155	1	mask	defaceT1w_space-FLAIR	source/test/Amsterdam/GE1T5/155/orig/T1_mask.nii.gz
sub-155	1	mask	wmh	source/test/Amsterdam/GE1T5/155/wmh.nii.gz
sub-156	1	FLAIR	n/a	source/test/Amsterdam/GE1T5/156/orig/FLAIR.nii.gz
sub-156	1	FLAIR	bias	source/test/Amsterdam/GE1T5/156/pre/FLAIR.nii.gz
sub-156	1	T1w	n/a	source/test/Amsterdam/GE1T5/156/orig/3DT1.nii.gz
sub-156	1	T1w	space-FLAIR	source/test/Amsterdam/GE1T5/156/orig/T1.nii.gz
sub-156	1	T1w	bias	source/test/Amsterdam/GE1T5/156/pre/3DT1.nii.gz
sub-156	1	T1w	space-FLAIR_bias	source/test/Amsterdam/GE1T5/156/pre/T1.nii.gz
sub-156	1	mask	defaceT1w	source/test/Amsterdam/GE1T5/156/orig/3DT1_mask.nii.gz
sub-156	1	mask	defaceFLAIR	source/test/Amsterdam/GE1T5/156/orig/FLAIR_mask.nii.gz
sub-156	1	mask	defaceT1w_space-FLAIR	source/test/Amsterdam/GE1T5/156/orig/T1_mask.nii.gz
sub-156	1	mask	wmh	source/test/Amsterdam/GE1T5/156/wmh.nii.gz
sub-157	1	FLAIR	n/a	source/test/Amsterdam/GE1T5/157/orig/FLAIR.nii.gz
sub-157	1	FLAIR	bias	source/test/Amsterdam/GE1T5/157/pre/FLAIR.nii.gz
sub-157	1	T1w	n/a	source/test/Amsterdam/GE1T5/157/orig/3DT1.nii.gz
sub-157	1	T1w	space-FLAIR	source/test/Amsterdam/GE1T5/157/orig/T1.nii.gz
sub-157	1	T1w	bias	source/test/Amsterdam/GE1T5/157/pre/3DT1.nii.gz
sub-157	1	T1w	space-FLAIR_bias	source/test/Amsterdam/GE1T5/157/pre/T1.nii.gz
sub-157	1	mask	defaceT1w	source/test/Amsterdam/GE1T5/157/orig/3DT1_mask.nii.gz
sub-157	1	mask	defaceFLAIR	source/test/Amsterdam/GE1T5/157/orig/FLAIR_mask.nii.gz
sub-157	1	mask	defaceT1w_space-FLAIR	source/test/Amsterdam/GE1T5/157/orig/T1_mask.nii.gz
sub-157	1	mask	wmh	source/test/Amsterdam/GE1T5/157/wmh.nii.gz
sub-158	1	FLAIR	n/a	source/test/Amsterdam/GE1T5/158/orig/FLAIR.nii.gz
sub-158	1	FLAIR	bias	source/test/Amsterdam/GE1T5/158/pre/FLAIR.nii.gz
sub-158	1	T1w	n/a	source/test/Amsterdam/GE1T5/158/orig/3DT1.nii.gz
sub-158	1	T1w	space-FLAIR	source/test/Amsterdam/GE1T5/158/orig/T1.nii.gz
sub-158	1	T1w	bias	source/test/Amsterdam/GE1T5/158/pre/3DT1.nii.gz
sub-158	1	T1w	space-FLAIR_bias	source/test/Amsterdam/GE1T5/158/pre/T1.nii.gz
sub-158	1	mask	defaceT1w	source/test/Amsterdam/GE1T5/158/orig/3DT1_mask.nii.gz
sub-158	1	mask	defaceFLAIR	source/test/Amsterdam/GE1T5/158/orig/FLAIR_mask.nii.gz
sub-158	1	mask	defaceT1w_space-FLAIR	source/test/Amsterdam/GE1T5/158/orig/T1_mask.nii.gz
sub-158	1	mask	wmh	source/test/Amsterdam/GE1T5/158/wmh.nii.gz
sub-159	1	FLAIR	n/a	source/test/Amsterdam/GE1T5/159/orig/FLAIR.nii.gz
sub-159	1	FLAIR	bias	source/test/Amsterdam/GE1T5/159/pre/FLAIR.nii.gz
sub-159	1	T1w	n/a	source/test/Amsterdam/GE1T5/159/orig/3DT1.nii.gz
sub-159	1	T1w	space-FLAIR	source/test/Amsterdam/GE1T5/159/orig/T1.nii.gz
sub-159	1	T1w	bias	source/test/Amsterdam/GE1T5/159/pre/3DT1.nii.gz
sub-159	1	T1w	space-FLAIR_bias	source/test/Amsterdam/GE1T5/159/pre/T1.nii.gz
sub-159	1	mask	defaceT1w	source/test/Amsterdam/GE1T5/159/orig/3DT1_mask.nii.gz
sub-159	1	mask	defaceFLAIR	source/test/Amsterdam/GE1T5/159/orig/FLAIR_mask.nii.gz
sub-159	1	mask	defaceT1w_space-FLAIR	source/test/Amsterdam/GE1T5/159/orig/T1_mask.nii.gz
sub-159	1	mask	wmh	source/test/Amsterdam/GE1T5/159/wmh.nii.gz
sub-16	1	FLAIR	n/a	source/test/Utrecht/16/orig/FLAIR.nii.gz
sub-16	1	FLAIR	bias	source/test/Utrecht/16/pre/FLAIR.nii.gz
sub-16	1	T1w	n/a	source/test/Utrecht/16/orig/3DT1.nii.gz
sub-16	1	T1w	space-FLAIR	source/test/Utrecht/16/orig/T1.nii.gz
sub-16	1	T1w	bias	source/test/Utrecht/16/pre/3DT1.nii.gz
sub-16	1	T1w	space-FLAIR_bias	source/test/Utrecht/16/pre/T1.nii.gz
sub-16	1	mask	defaceT1w	source/test/Utrecht/16/orig/3DT1_mask.nii.gz
sub-16	1	mask	wmh	source/test/Utrecht/16/wmh.nii.gz
sub-160	1	FLAIR	n/a	source/test/Amsterdam/Philips_VU .PETMR_01./160/orig/FLAIR.nii.gz
sub-160	1	FLAIR	bias	source/test/Amsterdam/Philips_VU .PETMR_01./160/pre/FLAIR.nii.gz
sub-160	1	T1w	n/a	source/test/Amsterdam/Philips_VU .PETMR_01./160/orig/3DT1.nii.gz
sub-160	1	T1w	space-FLAIR	source/test/Amsterdam/Philips_VU .PETMR_01./160/orig/T1.nii.gz
sub-160	1	T1w	bias	source/test/Amsterdam/Philips_VU .PETMR_01./160/pre/3DT1.nii.gz
sub-160	1	T1w	space-FLAIR_bias	source/test/Amsterdam/Philips_VU .PETMR_01./160/pre/T1.nii.gz
sub-160	1	mask	defaceT1w	source/test/Amsterdam/Philips_VU .PETMR_01./160/orig/3DT1_mask.nii.gz
sub-160	1	mask	defaceFLAIR	source/test/Amsterdam/Philips_VU .PETMR_01./160/orig/FLAIR_mask.nii.gz
sub-160	1	mask	defaceT1w_space-FLAIR	source/test/Amsterdam/Philips_VU .PETMR_01./160/orig/T1_mask.nii.gz
sub-160	1	mask	wmh	source/test/Amsterdam/Philips_VU .PETMR_01./160/wmh.nii.gz
sub-161	1	FLAIR	n/a	source/test/Amsterdam/Philips_VU .PETMR_01./161/orig/FLAIR.nii.gz
sub-161	1	FLAIR	bias	source/test/Amsterdam/Philips_VU .PETMR_01./161/pre/FLAIR.nii.gz
sub-161	1	T1w	n/a	source/test/Amsterdam/Philips_VU .PETMR_01./161/orig/3DT1.nii.gz
sub-161	1	T1w	space-FLAIR	source/test/Amsterdam/Philips_VU .PETMR_01./161/orig/T1.nii.gz
sub-161	1	T1w	bias	source/test/Amsterdam/Philips_VU .PETMR_01./161/pre/3DT1.nii.gz
sub-161	1	T1w	space-FLAIR_bias	source/test/Amsterdam/Philips_VU .PETMR_01./161/pre/T1.nii.gz
sub-161	1	mask	defaceT1w	source/test/Amsterdam/Philips_VU .PETMR_01./161/orig/3DT1_mask.nii.gz
sub-161	1	mask	defaceFLAIR	source/test/Amsterdam/Philips_VU .PETMR_01./161/orig/FLAIR_mask.nii.gz
sub-161	1	mask	defaceT1w_space-FLAIR	source/test/Amsterdam/Philips_VU .PETMR_01./161/orig/T1_mask.nii.gz
sub-161	1	mask	wmh	source/test/Amsterdam/Philips_VU .PETMR_01./161/wmh.nii.gz
sub-162	1	FLAIR	n/a	source/test/Amsterdam/Philips_VU .PETMR_01./162/orig/FLAIR.nii.gz
sub-162	1	FLAIR	bias	source/test/Amsterdam/Philips_VU .PETMR_01./162/pre/FLAIR.nii.gz
sub-162	1	T1w	n/a	source/test/Amsterdam/Philips_VU .PETMR_01./162/orig/3DT1.nii.gz
sub-162	1	T1w	space-FLAIR	source/test/Amsterdam/Philips_VU .PETMR_01./162/orig/T1.nii.gz
sub-162	1	T1w	bias	source/test/Amsterdam/Philips_VU .PETMR_01./162/pre/3DT1.nii.gz
sub-162	1	T1w	space-FLAIR_bias	source/test/Amsterdam/Philips_VU .PETMR_01./162/pre/T1.nii.gz
sub-162	1	mask	defaceT1w	source/test/Amsterdam/Philips_VU .PETMR_01./162/orig/3DT1_mask.nii.gz
sub-162	1	mask	defaceFLAIR	source/test/Amsterdam/Philips_VU .PETMR_01./162/orig/FLAIR_mask.nii.gz
sub-162	1	mask	defaceT1w_space-FLAIR	source/test/Amsterdam/Philips_VU .PETMR_01./162/orig/T1_mask.nii.gz
sub-162	1	mask	wmh	source/test/Amsterdam/Philips_VU .PETMR_01./162/wmh.nii.gz
sub-163	1	FLAIR	n/a	source/test/Amsterdam/Philips_VU .PETMR_01./163/orig/FLAIR.nii.gz
sub-163	1	FLAIR	bias	source/test/Amsterdam/Philips_VU .PETMR_01./163/pre/FLAIR.nii.gz
sub-163	1	T1w	n/a	source/test/Amsterdam/Philips_VU .PETMR_01./163/orig/3DT1.nii.gz
sub-163	1	T1w	space-FLAIR	source/test/Amsterdam/Philips_VU .PETMR_01./163/orig/T1.nii.gz
sub-163	1	T1w	bias	source/test/Amsterdam/Philips_VU .PETMR_01./163/pre/3DT1.nii.gz
sub-163	1	T1w	space-FLAIR_bias	source/test/Amsterdam/Philips_VU .PETMR_01./163/pre/T1.nii.gz
sub-163	1	mask	defaceT1w	source/test/Amsterdam/Philips_VU .PETMR_01./163/orig/3DT1_mask.nii.gz
sub-163	1	mask	defaceFLAIR	source/test/Amsterdam/Philips_VU .PETMR_01./163/orig/FLAIR_mask.nii.gz
sub-163	1	mask	defaceT1w_space-FLAIR	source/test/Amsterdam/Philips_VU .PETMR_01./163/orig/T1_mask.nii.gz
sub-163	1	mask	wmh	source/test/Amsterdam/Philips_VU .PETMR_01./163/wmh.nii.gz
sub-164	1	FLAIR	n/a	source/test/Amsterdam/Philips_VU .PETMR_01./164/orig/FLAIR.nii.gz
sub-164	1	FLAIR	bias	source/test/Amsterdam/Philips_VU .PETMR_01./164/pre/FLAIR.nii.gz
sub-164	1	T1w	n/a	source/test/Amsterdam/Philips_VU .PETMR_01./164/orig/3DT1.nii.gz
sub-164	1	T1w	space-FLAIR	source/test/Amsterdam/Philips_VU .PETMR_01./164/orig/T1.nii.gz
sub-164	1	T1w	bias	source/test/Amsterdam/Philips_VU .PETMR_01./164/pre/3DT1.nii.gz
sub-164	1	T1w	space-FLAIR_bias	source/test/Amsterdam/Philips_VU .PETMR_01./164/pre/T1.nii.gz
sub-164	1	mask	defaceT1w	source/test/Amsterdam/Philips_VU .PETMR_01./164/orig/3DT1_mask.nii.gz
sub-164	1	mask	defaceFLAIR	source/test/Amsterdam/Philips_VU .PETMR_01./164/orig/FLAIR_mask.nii.gz
sub-164	1	mask	defaceT1w_space-FLAIR	source/test/Amsterdam/Philips_VU .PETMR_01./164/orig/T1_mask.nii.gz
sub-164	1	mask	wmh	source/test/Amsterdam/Philips_VU .PETMR_01./164/wmh.nii.gz
sub-165	1	FLAIR	n/a	source/test/Amsterdam/Philips_VU .PETMR_01./165/orig/FLAIR.nii.gz
sub-165	1	FLAIR	bias	source/test/Amsterdam/Philips_VU .PETMR_01./165/pre/FLAIR.nii.gz
sub-165	1	T1w	n/a	source/test/Amsterdam/Philips_VU .PETMR_01./165/orig/3DT1.nii.gz
sub-165	1	T1w	space-FLAIR	source/test/Amsterdam/Philips_VU .PETMR_01./165/orig/T1.nii.gz
sub-165	1	T1w	bias	source/test/Amsterdam/Philips_VU .PETMR_01./165/pre/3DT1.nii.gz
sub-165	1	T1w	space-FLAIR_bias	source/test/Amsterdam/Philips_VU .PETMR_01./165/pre/T1.nii.gz
sub-165	1	mask	defaceT1w	source/test/Amsterdam/Philips_VU .PETMR_01./165/orig/3DT1_mask.nii.gz
sub-165	1	mask	defaceFLAIR	source/test/Amsterdam/Philips_VU .PETMR_01./165/orig/FLAIR_mask.nii.gz
sub-165	1	mask	defaceT1w_space-FLAIR	source/test/Amsterdam/Philips_VU .PETMR_01./165/orig/T1_mask.nii.gz
sub-165	1	mask	wmh	source/test/Amsterdam/Philips_VU .PETMR_01./165/wmh.nii.gz
sub-166	1	FLAIR	n/a	source/test/Amsterdam/Philips_VU .PETMR_01./166/orig/FLAIR.nii.gz
sub-166	1	FLAIR	bias	source/test/Amsterdam/Philips_VU .PETMR_01./166/pre/FLAIR.nii.gz
sub-166	1	T1w	n/a	source/test/Amsterdam/Philips_VU .PETMR_01./166/orig/3DT1.nii.gz
sub-166	1	T1w	space-FLAIR	source/test/Amsterdam/Philips_VU .PETMR_01./166/orig/T1.nii.gz
sub-166	1	T1w	bias	source/test/Amsterdam/Philips_VU .PETMR_01./166/pre/3DT1.nii.gz
sub-166	1	T1w	space-FLAIR_bias	source/test/Amsterdam/Philips_VU .PETMR_01./166/pre/T1.nii.gz
sub-166	1	mask	defaceT1w	source/test/Amsterdam/Philips_VU .PETMR_01./166/orig/3DT1_mask.nii.gz
sub-166	1	mask	defaceFLAIR	source/test/Amsterdam/Philips_VU .PETMR_01./166/orig/FLAIR_mask.nii.gz
sub-166	1	mask	defaceT1w_space-FLAIR	source/test/Amsterdam/Philips_VU .PETMR_01./166/orig/T1_mask.nii.gz
sub-166	1	mask	wmh	source/test/Amsterdam/Philips_VU .PETMR_01./166/wmh.nii.gz
sub-167	1	FLAIR	n/a	source/test/Amsterdam/Philips_VU .PETMR_01./167/orig/FLAIR.nii.gz
sub-167	1	FLAIR	bias	source/test/Amsterdam/Philips_VU .PETMR_01./167/pre/FLAIR.nii.gz
sub-167	1	T1w	n/a	source/test/Amsterdam/Philips_VU .PETMR_01./167/orig/3DT1.nii.gz
sub-167	1	T1w	space-FLAIR	source/test/Amsterdam/Philips_VU .PETMR_01./167/orig/T1.nii.gz
sub-167	1	T1w	bias	source/test/Amsterdam/Philips_VU .PETMR_01./167/pre/3DT1.nii.gz
sub-167	1	T1w	space-FLAIR_bias	source/test/Amsterdam/Philips_VU .PETMR_01./167/pre/T1.nii.gz
sub-167	1	mask	defaceT1w	source/test/Amsterdam/Philips_VU .PETMR_01./167/orig/3DT1_mask.nii.gz
sub-167	1	mask	defaceFLAIR	source/test/Amsterdam/Philips_VU .PETMR_01./167/orig/FLAIR_mask.nii.gz
sub-167	1	mask	defaceT1w_space-FLAIR	source/test/Amsterdam/Philips_VU .PETMR_01./167/orig/T1_mask.nii.gz
sub-167	1	mask	wmh	source/test/Amsterdam/Philips_VU .PETMR_01./167/wmh.nii.gz
sub-168	1	FLAIR	n/a	source/test/Amsterdam/Philips_VU .PETMR_01./168/orig/FLAIR.nii.gz
sub-168	1	FLAIR	bias	source/test/Amsterdam/Philips_VU .PETMR_01./168/pre/FLAIR.nii.gz
sub-168	1	T1w	n/a	source/test/Amsterdam/Philips_VU .PETMR_01./168/orig/3DT1.nii.gz
sub-168	1	T1w	space-FLAIR	source/test/Amsterdam/Philips_VU .PETMR_01./168/orig/T1.nii.gz
sub-168	1	T1w	bias	source/test/Amsterdam/Philips_VU .PETMR_01./168/pre/3DT1.nii.gz
sub-168	1	T1w	space-FLAIR_bias	source/test/Amsterdam/Philips_VU .PETMR_01./168/pre/T1.nii.gz
sub-168	1	mask	defaceT1w	source/test/Amsterdam/Philips_VU .PETMR_01./168/orig/3DT1_mask.nii.gz
sub-168	1	mask	defaceFLAIR	source/test/Amsterdam/Philips_VU .PETMR_01./168/orig/FLAIR_mask.nii.gz
sub-168	1	mask	defaceT1w_space-FLAIR	source/test/Amsterdam/Philips_VU .PETMR_01./168/orig/T1_mask.nii.gz
sub-168	1	mask	wmh	source/test/Amsterdam/Philips_VU .PETMR_01./168/wmh.nii.gz
sub-169	1	FLAIR	n/a	source/test/Amsterdam/Philips_VU .PETMR_01./169/orig/FLAIR.nii.gz
sub-169	1	FLAIR	bias	source/test/Amsterdam/Philips_VU .PETMR_01./169/pre/FLAIR.nii.gz
sub-169	1	T1w	n/a	source/test/Amsterdam/Philips_VU .PETMR_01./169/orig/3DT1.nii.gz
sub-169	1	T1w	space-FLAIR	source/test/Amsterdam/Philips_VU .PETMR_01./169/orig/T1.nii.gz
sub-169	1	T1w	bias	source/test/Amsterdam/Philips_VU .PETMR_01./169/pre/3DT1.nii.gz
sub-169	1	T1w	space-FLAIR_bias	source/test/Amsterdam/Philips_VU .PETMR_01./169/pre/T1.nii.gz
sub-169	1	mask	defaceT1w	source/test/Amsterdam/Philips_VU .PETMR_01./169/orig/3DT1_mask.nii.gz
sub-169	1	mask	defaceFLAIR	source/test/Amsterdam/Philips_VU .PETMR_01./169/orig/FLAIR_mask.nii.gz
sub-169	1	mask	defaceT1w_space-FLAIR	source/test/Amsterdam/Philips_VU .PETMR_01./169/orig/T1_mask.nii.gz
sub-169	1	mask	wmh	source/test/Amsterdam/Philips_VU .PETMR_01./169/wmh.nii.gz
sub-17	1	FLAIR	n/a	source/training/Utrecht/17/orig/FLAIR.nii.gz
sub-17	1	FLAIR	bias	source/training/Utrecht/17/pre/FLAIR.nii.gz
sub-17	1	T1w	n/a	source/training/Utrecht/17/orig/3DT1.nii.gz
sub-17	1	T1w	space-FLAIR	source/training/Utrecht/17/orig/T1.nii.gz
sub-17	1	T1w	bias	source/training/Utrecht/17/pre/3DT1.nii.gz
sub-17	1	T1w	space-FLAIR_bias	source/training/Utrecht/17/pre/T1.nii.gz
sub-17	1	mask	wmh_o3	source/additional_annotations/observer_o3/training/Utrecht/17/result.nii.gz
sub-17	1	mask	wmh_o4	source/additional_annotations/observer_o4/training/Utrecht/17/result.nii.gz
sub-17	1	mask	defaceT1w	source/training/Utrecht/17/orig/3DT1_mask.nii.gz
sub-17	1	mask	wmh	source/training/Utrecht/17/wmh.nii.gz
sub-18	1	FLAIR	n/a	source/test/Utrecht/18/orig/FLAIR.nii.gz
sub-18	1	FLAIR	bias	source/test/Utrecht/18/pre/FLAIR.nii.gz
sub-18	1	T1w	n/a	source/test/Utrecht/18/orig/3DT1.nii.gz
sub-18	1	T1w	space-FLAIR	source/test/Utrecht/18/orig/T1.nii.gz
sub-18	1	T1w	bias	source/test/Utrecht/18/pre/3DT1.nii.gz
sub-18	1	T1w	space-FLAIR_bias	source/test/Utrecht/18/pre/T1.nii.gz
sub-18	1	mask	defaceT1w	source/test/Utrecht/18/orig/3DT1_mask.nii.gz
sub-18	1	mask	wmh	source/test/Utrecht/18/wmh.nii.gz
sub-19	1	FLAIR	n/a	source/training/Utrecht/19/orig/FLAIR.nii.gz
sub-19	1	FLAIR	bias	source/training/Utrecht/19/pre/FLAIR.nii.gz
sub-19	1	T1w	n/a	source/training/Utrecht/19/orig/3DT1.nii.gz
sub-19	1	T1w	space-FLAIR	source/training/Utrecht/19/orig/T1.nii.gz
sub-19	1	T1w	bias	source/training/Utrecht/19/pre/3DT1.nii.gz
sub-19	1	T1w	space-FLAIR_bias	source/training/Utrecht/19/pre/T1.nii.gz
sub-19	1	mask	wmh_o3	source/additional_annotations/observer_o3/training/Utrecht/19/result.nii.gz
sub-19	1	mask	wmh_o4	source/additional_annotations/observer_o4/training/Utrecht/19/result.nii.gz
sub-19	1	mask	defaceT1w	source/training/Utrecht/19/orig/3DT1_mask.nii.gz
sub-19	1	mask	wmh	source/training/Utrecht/19/wmh.nii.gz
sub-2	1	FLAIR	n/a	source/training/Utrecht/2/orig/FLAIR.nii.gz
sub-2	1	FLAIR	bias	source/training/Utrecht/2/pre/FLAIR.nii.gz
sub-2	1	T1w	n/a	source/training/Utrecht/2/orig/3DT1.nii.gz
sub-2	1	T1w	space-FLAIR	source/training/Utrecht/2/orig/T1.nii.gz
sub-2	1	T1w	bias	source/training/Utrecht/2/pre/3DT1.nii.gz
sub-2	1	T1w	space-FLAIR_bias	source/training/Utrecht/2/pre/T1.nii.gz
sub-2	1	mask	wmh_o3	source/additional_annotations/observer_o3/training/Utrecht/2/result.nii.gz
sub-2	1	mask	wmh_o4	source/additional_annotations/observer_o4/training/Utrecht/2/result.nii.gz
sub-2	1	mask	defaceT1w	source/training/Utrecht/2/orig/3DT1_mask.nii.gz
sub-2	1	mask	wmh	source/training/Utrecht/2/wmh.nii.gz
sub-20	1	FLAIR	n/a	source/test/Utrecht/20/orig/FLAIR.nii.gz
sub-20	1	FLAIR	bias	source/test/Utrecht/20/pre/FLAIR.nii.gz
sub-20	1	T1w	n/a	source/test/Utrecht/20/orig/3DT1.nii.gz
sub-20	1	T1w	space-FLAIR	source/test/Utrecht/20/orig/T1.nii.gz
sub-20	1	T1w	bias	source/test/Utrecht/20/pre/3DT1.nii.gz
sub-20	1	T1w	space-FLAIR_bias	source/test/Utrecht/20/pre/T1.nii.gz
sub-20	1	mask	defaceT1w	source/test/Utrecht/20/orig/3DT1_mask.nii.gz
sub-20	1	mask	wmh	source/test/Utrecht/20/wmh.nii.gz
sub-21	1	FLAIR	n/a	source/training/Utrecht/21/orig/FLAIR.nii.gz
sub-21	1	FLAIR	bias	source/training/Utrecht/21/pre/FLAIR.nii.gz
sub-21	1	T1w	n/a	source/training/Utrecht/21/orig/3DT1.nii.gz
sub-21	1	T1w	space-FLAIR	source/training/Utrecht/21/orig/T1.nii.gz
sub-21	1	T1w	bias	source/training/Utrecht/21/pre/3DT1.nii.gz
sub-21	1	T1w	space-FLAIR_bias	source/training/Utrecht/21/pre/T1.nii.gz
sub-21	1	mask	wmh_o3	source/additional_annotations/observer_o3/training/Utrecht/21/result.nii.gz
sub-21	1	mask	wmh_o4	source/additional_annotations/observer_o4/training/Utrecht/21/result.nii.gz
sub-21	1	mask	defaceT1w	source/training/Utrecht/21/orig/3DT1_mask.nii.gz
sub-21	1	mask	wmh	source/training/Utrecht/21/wmh.nii.gz
sub-22	1	FLAIR	n/a	source/test/Utrecht/22/orig/FLAIR.nii.gz
sub-22	1	FLAIR	bias	source/test/Utrecht/22/pre/FLAIR.nii.gz
sub-22	1	T1w	n/a	source/test/Utrecht/22/orig/3DT1.nii.gz
sub-22	1	T1w	space-FLAIR	source/test/Utrecht/22/orig/T1.nii.gz
sub-22	1	T1w	bias	source/test/Utrecht/22/pre/3DT1.nii.gz
sub-22	1	T1w	space-FLAIR_bias	source/test/Utrecht/22/pre/T1.nii.gz
sub-22	1	mask	defaceT1w	source/test/Utrecht/22/orig/3DT1_mask.nii.gz
sub-22	1	mask	wmh	source/test/Utrecht/22/wmh.nii.gz
sub-23	1	FLAIR	n/a	source/training/Utrecht/23/orig/FLAIR.nii.gz
sub-23	1	FLAIR	bias	source/training/Utrecht/23/pre/FLAIR.nii.gz
sub-23	1	T1w	n/a	source/training/Utrecht/23/orig/3DT1.nii.gz
sub-23	1	T1w	space-FLAIR	source/training/Utrecht/23/orig/T1.nii.gz
sub-23	1	T1w	bias	source/training/Utrecht/23/pre/3DT1.nii.gz
sub-23	1	T1w	space-FLAIR_bias	source/training/Utrecht/23/pre/T1.nii.gz
sub-23	1	mask	wmh_o3	source/additional_annotations/observer_o3/training/Utrecht/23/result.nii.gz
sub-23	1	mask	wmh_o4	source/additional_annotations/observer_o4/training/Utrecht/23/result.nii.gz
sub-23	1	mask	defaceT1w	source/training/Utrecht/23/orig/3DT1_mask.nii.gz
sub-23	1	mask	wmh	source/training/Utrecht/23/wmh.nii.gz
sub-24	1	FLAIR	n/a	source/test/Utrecht/24/orig/FLAIR.nii.gz
sub-24	1	FLAIR	bias	source/test/Utrecht/24/pre/FLAIR.nii.gz
sub-24	1	T1w	n/a	source/test/Utrecht/24/orig/3DT1.nii.gz
sub-24	1	T1w	space-FLAIR	source/test/Utrecht/24/orig/T1.nii.gz
sub-24	1	T1w	bias	source/test/Utrecht/24/pre/3DT1.nii.gz
sub-24	1	T1w	space-FLAIR_bias	source/test/Utrecht/24/pre/T1.nii.gz
sub-24	1	mask	defaceT1w	source/test/Utrecht/24/orig/3DT1_mask.nii.gz
sub-24	1	mask	wmh	source/test/Utrecht/24/wmh.nii.gz
sub-25	1	FLAIR	n/a	source/training/Utrecht/25/orig/FLAIR.nii.gz
sub-25	1	FLAIR	bias	source/training/Utrecht/25/pre/FLAIR.nii.gz
sub-25	1	T1w	n/a	source/training/Utrecht/25/orig/3DT1.nii.gz
sub-25	1	T1w	space-FLAIR	source/training/Utrecht/25/orig/T1.nii.gz
sub-25	1	T1w	bias	source/training/Utrecht/25/pre/3DT1.nii.gz
sub-25	1	T1w	space-FLAIR_bias	source/training/Utrecht/25/pre/T1.nii.gz
sub-25	1	mask	wmh_o3	source/additional_annotations/observer_o3/training/Utrecht/25/result.nii.gz
sub-25	1	mask	wmh_o4	source/additional_annotations/observer_o4/training/Utrecht/25/result.nii.gz
sub-25	1	mask	defaceT1w	source/training/Utrecht/25/orig/3DT1_mask.nii.gz
sub-25	1	mask	wmh	source/training/Utrecht/25/wmh.nii.gz
sub-26	1	FLAIR	n/a	source/test/Utrecht/26/orig/FLAIR.nii.gz
sub-26	1	FLAIR	bias	source/test/Utrecht/26/pre/FLAIR.nii.gz
sub-26	1	T1w	n/a	source/test/Utrecht/26/orig/3DT1.nii.gz
sub-26	1	T1w	space-FLAIR	source/test/Utrecht/26/orig/T1.nii.gz
sub-26	1	T1w	bias	source/test/Utrecht/26/pre/3DT1.nii.gz
sub-26	1	T1w	space-FLAIR_bias	source/test/Utrecht/26/pre/T1.nii.gz
sub-26	1	mask	defaceT1w	source/test/Utrecht/26/orig/3DT1_mask.nii.gz
sub-26	1	mask	wmh	source/test/Utrecht/26/wmh.nii.gz
sub-27	1	FLAIR	n/a	source/training/Utrecht/27/orig/FLAIR.nii.gz
sub-27	1	FLAIR	bias	source/training/Utrecht/27/pre/FLAIR.nii.gz
sub-27	1	T1w	n/a	source/training/Utrecht/27/orig/3DT1.nii.gz
sub-27	1	T1w	space-FLAIR	source/training/Utrecht/27/orig/T1.nii.gz
sub-27	1	T1w	bias	source/training/Utrecht/27/pre/3DT1.nii.gz
sub-27	1	T1w	space-FLAIR_bias	source/training/Utrecht/27/pre/T1.nii.gz
sub-27	1	mask	wmh_o3	source/additional_annotations/observer_o3/training/Utrecht/27/result.nii.gz
sub-27	1	mask	wmh_o4	source/additional_annotations/observer_o4/training/Utrecht/27/result.nii.gz
sub-27	1	mask	defaceT1w	source/training/Utrecht/27/orig/3DT1_mask.nii.gz
sub-27	1	mask	wmh	source/training/Utrecht/27/wmh.nii.gz
sub-28	1	FLAIR	n/a	source/test/Utrecht/28/orig/FLAIR.nii.gz
sub-28	1	FLAIR	bias	source/test/Utrecht/28/pre/FLAIR.nii.gz
sub-28	1	T1w	n/a	source/test/Utrecht/28/orig/3DT1.nii.gz
sub-28	1	T1w	space-FLAIR	source/test/Utrecht/28/orig/T1.nii.gz
sub-28	1	T1w	bias	source/test/Utrecht/28/pre/3DT1.nii.gz
sub-28	1	T1w	space-FLAIR_bias	source/test/Utrecht/28/pre/T1.nii.gz
sub-28	1	mask	defaceT1w	source/test/Utrecht/28/orig/3DT1_mask.nii.gz
sub-28	1	mask	wmh	source/test/Utrecht/28/wmh.nii.gz
sub-29	1	FLAIR	n/a	source/training/Utrecht/29/orig/FLAIR.nii.gz
sub-29	1	FLAIR	bias	source/training/Utrecht/29/pre/FLAIR.nii.gz
sub-29	1	T1w	n/a	source/training/Utrecht/29/orig/3DT1.nii.gz
sub-29	1	T1w	space-FLAIR	source/training/Utrecht/29/orig/T1.nii.gz
sub-29	1	T1w	bias	source/training/Utrecht/29/pre/3DT1.nii.gz
sub-29	1	T1w	space-FLAIR_bias	source/training/Utrecht/29/pre/T1.nii.gz
sub-29	1	mask	wmh_o3	source/additional_annotations/observer_o3/training/Utrecht/29/result.nii.gz
sub-29	1	mask	wmh_o4	source/additional_annotations/observer_o4/training/Utrecht/29/result.nii.gz
sub-29	1	mask	defaceT1w	source/training/Utrecht/29/orig/3DT1_mask.nii.gz
sub-29	1	mask	wmh	source/training/Utrecht/29/wmh.nii.gz
sub-3	1	FLAIR	n/a	source/test/Utrecht/3/orig/FLAIR.nii.gz
sub-3	1	FLAIR	bias	source/test/Utrecht/3/pre/FLAIR.nii.gz
sub-3	1	T1w	n/a	source/test/Utrecht/3/orig/3DT1.nii.gz
sub-3	1	T1w	space-FLAIR	source/test/Utrecht/3/orig/T1.nii.gz
sub-3	1	T1w	bias	source/test/Utrecht/3/pre/3DT1.nii.gz
sub-3	1	T1w	space-FLAIR_bias	source/test/Utrecht/3/pre/T1.nii.gz
sub-3	1	mask	defaceT1w	source/test/Utrecht/3/orig/3DT1_mask.nii.gz
sub-3	1	mask	wmh	source/test/Utrecht/3/wmh.nii.gz
sub-30	1	FLAIR	n/a	source/test/Utrecht/30/orig/FLAIR.nii.gz
sub-30	1	FLAIR	bias	source/test/Utrecht/30/pre/FLAIR.nii.gz
sub-30	1	T1w	n/a	source/test/Utrecht/30/orig/3DT1.nii.gz
sub-30	1	T1w	space-FLAIR	source/test/Utrecht/30/orig/T1.nii.gz
sub-30	1	T1w	bias	source/test/Utrecht/30/pre/3DT1.nii.gz
sub-30	1	T1w	space-FLAIR_bias	source/test/Utrecht/30/pre/T1.nii.gz
sub-30	1	mask	defaceT1w	source/test/Utrecht/30/orig/3DT1_mask.nii.gz
sub-30	1	mask	wmh	source/test/Utrecht/30/wmh.nii.gz
sub-31	1	FLAIR	n/a	source/training/Utrecht/31/orig/FLAIR.nii.gz
sub-31	1	FLAIR	bias	source/training/Utrecht/31/pre/FLAIR.nii.gz
sub-31	1	T1w	n/a	source/training/Utrecht/31/orig/3DT1.nii.gz
sub-31	1	T1w	space-FLAIR	source/training/Utrecht/31/orig/T1.nii.gz
sub-31	1	T1w	bias	source/training/Utrecht/31/pre/3DT1.nii.gz
sub-31	1	T1w	space-FLAIR_bias	source/training/Utrecht/31/pre/T1.nii.gz
sub-31	1	mask	wmh_o3	source/additional_annotations/observer_o3/training/Utrecht/31/result.nii.gz
sub-31	1	mask	wmh_o4	source/additional_annotations/observer_o4/training/Utrecht/31/result.nii.gz
sub-31	1	mask	defaceT1w	source/training/Utrecht/31/orig/3DT1_mask.nii.gz
sub-31	1	mask	wmh	source/training/Utrecht/31/wmh.nii.gz
sub-32	1	FLAIR	n/a	source/test/Utrecht/32/orig/FLAIR.nii.gz
sub-32	1	FLAIR	bias	source/test/Utrecht/32/pre/FLAIR.nii.gz
sub-32	1	T1w	n/a	source/test/Utrecht/32/orig/3DT1.nii.gz
sub-32	1	T1w	space-FLAIR	source/test/Utrecht/32/orig/T1.nii.gz
sub-32	1	T1w	bias	source/test/Utrecht/32/pre/3DT1.nii.gz
sub-32	1	T1w	space-FLAIR_bias	source/test/Utrecht/32/pre/T1.nii.gz
sub-32	1	mask	defaceT1w	source/test/Utrecht/32/orig/3DT1_mask.nii.gz
sub-32	1	mask	wmh	source/test/Utrecht/32/wmh.nii.gz
sub-33	1	FLAIR	n/a	source/training/Utrecht/33/orig/FLAIR.nii.gz
sub-33	1	FLAIR	bias	source/training/Utrecht/33/pre/FLAIR.nii.gz
sub-33	1	T1w	n/a	source/training/Utrecht/33/orig/3DT1.nii.gz
sub-33	1	T1w	space-FLAIR	source/training/Utrecht/33/orig/T1.nii.gz
sub-33	1	T1w	bias	source/training/Utrecht/33/pre/3DT1.nii.gz
sub-33	1	T1w	space-FLAIR_bias	source/training/Utrecht/33/pre/T1.nii.gz
sub-33	1	mask	wmh_o3	source/additional_annotations/observer_o3/training/Utrecht/33/result.nii.gz
sub-33	1	mask	wmh_o4	source/additional_annotations/observer_o4/training/Utrecht/33/result.nii.gz
sub-33	1	mask	defaceT1w	source/training/Utrecht/33/orig/3DT1_mask.nii.gz
sub-33	1	mask	wmh	source/training/Utrecht/33/wmh.nii.gz
sub-34	1	FLAIR	n/a	source/test/Utrecht/34/orig/FLAIR.nii.gz
sub-34	1	FLAIR	bias	source/test/Utrecht/34/pre/FLAIR.nii.gz
sub-34	1	T1w	n/a	source/test/Utrecht/34/orig/3DT1.nii.gz
sub-34	1	T1w	space-FLAIR	source/test/Utrecht/34/orig/T1.nii.gz
sub-34	1	T1w	bias	source/test/Utrecht/34/pre/3DT1.nii.gz
sub-34	1	T1w	space-FLAIR_bias	source/test/Utrecht/34/pre/T1.nii.gz
sub-34	1	mask	defaceT1w	source/test/Utrecht/34/orig/3DT1_mask.nii.gz
sub-34	1	mask	wmh	source/test/Utrecht/34/wmh.nii.gz
sub-35	1	FLAIR	n/a	source/training/Utrecht/35/orig/FLAIR.nii.gz
sub-35	1	FLAIR	bias	source/training/Utrecht/35/pre/FLAIR.nii.gz
sub-35	1	T1w	n/a	source/training/Utrecht/35/orig/3DT1.nii.gz
sub-35	1	T1w	space-FLAIR	source/training/Utrecht/35/orig/T1.nii.gz
sub-35	1	T1w	bias	source/training/Utrecht/35/pre/3DT1.nii.gz
sub-35	1	T1w	space-FLAIR_bias	source/training/Utrecht/35/pre/T1.nii.gz
sub-35	1	mask	wmh_o3	source/additional_annotations/observer_o3/training/Utrecht/35/result.nii.gz
sub-35	1	mask	wmh_o4	source/additional_annotations/observer_o4/training/Utrecht/35/result.nii.gz
sub-35	1	mask	defaceT1w	source/training/Utrecht/35/orig/3DT1_mask.nii.gz
sub-35	1	mask	wmh	source/training/Utrecht/35/wmh.nii.gz
sub-36	1	FLAIR	n/a	source/test/Utrecht/36/orig/FLAIR.nii.gz
sub-36	1	FLAIR	bias	source/test/Utrecht/36/pre/FLAIR.nii.gz
sub-36	1	T1w	n/a	source/test/Utrecht/36/orig/3DT1.nii.gz
sub-36	1	T1w	space-FLAIR	source/test/Utrecht/36/orig/T1.nii.gz
sub-36	1	T1w	bias	source/test/Utrecht/36/pre/3DT1.nii.gz
sub-36	1	T1w	space-FLAIR_bias	source/test/Utrecht/36/pre/T1.nii.gz
sub-36	1	mask	defaceT1w	source/test/Utrecht/36/orig/3DT1_mask.nii.gz
sub-36	1	mask	wmh	source/test/Utrecht/36/wmh.nii.gz
sub-37	1	FLAIR	n/a	source/training/Utrecht/37/orig/FLAIR.nii.gz
sub-37	1	FLAIR	bias	source/training/Utrecht/37/pre/FLAIR.nii.gz
sub-37	1	T1w	n/a	source/training/Utrecht/37/orig/3DT1.nii.gz
sub-37	1	T1w	space-FLAIR	source/training/Utrecht/37/orig/T1.nii.gz
sub-37	1	T1w	bias	source/training/Utrecht/37/pre/3DT1.nii.gz
sub-37	1	T1w	space-FLAIR_bias	source/training/Utrecht/37/pre/T1.nii.gz
sub-37	1	mask	wmh_o3	source/additional_annotations/observer_o3/training/Utrecht/37/result.nii.gz
sub-37	1	mask	wmh_o4	source/additional_annotations/observer_o4/training/Utrecht/37/result.nii.gz
sub-37	1	mask	defaceT1w	source/training/Utrecht/37/orig/3DT1_mask.nii.gz
sub-37	1	mask	wmh	source/training/Utrecht/37/wmh.nii.gz
sub-38	1	FLAIR	n/a	source/test/Utrecht/38/orig/FLAIR.nii.gz
sub-38	1	FLAIR	bias	source/test/Utrecht/38/pre/FLAIR.nii.gz
sub-38	1	T1w	n/a	source/test/Utrecht/38/orig/3DT1.nii.gz
sub-38	1	T1w	space-FLAIR	source/test/Utrecht/38/orig/T1.nii.gz
sub-38	1	T1w	bias	source/test/Utrecht/38/pre/3DT1.nii.gz
sub-38	1	T1w	space-FLAIR_bias	source/test/Utrecht/38/pre/T1.nii.gz
sub-38	1	mask	defaceT1w	source/test/Utrecht/38/orig/3DT1_mask.nii.gz
sub-38	1	mask	wmh	source/test/Utrecht/38/wmh.nii.gz
sub-39	1	FLAIR	n/a	source/training/Utrecht/39/orig/FLAIR.nii.gz
sub-39	1	FLAIR	bias	source/training/Utrecht/39/pre/FLAIR.nii.gz
sub-39	1	T1w	n/a	source/training/Utrecht/39/orig/3DT1.nii.gz
sub-39	1	T1w	space-FLAIR	source/training/Utrecht/39/orig/T1.nii.gz
sub-39	1	T1w	bias	source/training/Utrecht/39/pre/3DT1.nii.gz
sub-39	1	T1w	space-FLAIR_bias	source/training/Utrecht/39/pre/T1.nii.gz
sub-39	1	mask	wmh_o3	source/additional_annotations/observer_o3/training/Utrecht/39/result.nii.gz
sub-39	1	mask	wmh_o4	source/additional_annotations/observer_o4/training/Utrecht/39/result.nii.gz
sub-39	1	mask	defaceT1w	source/training/Utrecht/39/orig/3DT1_mask.nii.gz
sub-39	1	mask	wmh	source/training/Utrecht/39/wmh.nii.gz
sub-4	1	FLAIR	n/a	source/training/Utrecht/4/orig/FLAIR.nii.gz
sub-4	1	FLAIR	bias	source/training/Utrecht/4/pre/FLAIR.nii.gz
sub-4	1	T1w	n/a	source/training/Utrecht/4/orig/3DT1.nii.gz
sub-4	1	T1w	space-FLAIR	source/training/Utrecht/4/orig/T1.nii.gz
sub-4	1	T1w	bias	source/training/Utrecht/4/pre/3DT1.nii.gz
sub-4	1	T1w	space-FLAIR_bias	source/training/Utrecht/4/pre/T1.nii.gz
sub-4	1	mask	wmh_o3	source/additional_annotations/observer_o3/training/Utrecht/4/result.nii.gz
sub-4	1	mask	wmh_o4	source/additional_annotations/observer_o4/training/Utrecht/4/result.nii.gz
sub-4	1	mask	defaceT1w	source/training/Utrecht/4/orig/3DT1_mask.nii.gz
sub-4	1	mask	wmh	source/training/Utrecht/4/wmh.nii.gz
sub-40	1	FLAIR	n/a	source/test/Utrecht/40/orig/FLAIR.nii.gz
sub-40	1	FLAIR	bias	source/test/Utrecht/40/pre/FLAIR.nii.gz
sub-40	1	T1w	n/a	source/test/Utrecht/40/orig/3DT1.nii.gz
sub-40	1	T1w	space-FLAIR	source/test/Utrecht/40/orig/T1.nii.gz
sub-40	1	T1w	bias	source/test/Utrecht/40/pre/3DT1.nii.gz
sub-40	1	T1w	space-FLAIR_bias	source/test/Utrecht/40/pre/T1.nii.gz
sub-40	1	mask	defaceT1w	source/test/Utrecht/40/orig/3DT1_mask.nii.gz
sub-40	1	mask	wmh	source/test/Utrecht/40/wmh.nii.gz
sub-41	1	FLAIR	n/a	source/training/Utrecht/41/orig/FLAIR.nii.gz
sub-41	1	FLAIR	bias	source/training/Utrecht/41/pre/FLAIR.nii.gz
sub-41	1	T1w	n/a	source/training/Utrecht/41/orig/3DT1.nii.gz
sub-41	1	T1w	space-FLAIR	source/training/Utrecht/41/orig/T1.nii.gz
sub-41	1	T1w	bias	source/training/Utrecht/41/pre/3DT1.nii.gz
sub-41	1	T1w	space-FLAIR_bias	source/training/Utrecht/41/pre/T1.nii.gz
sub-41	1	mask	wmh_o3	source/additional_annotations/observer_o3/training/Utrecht/41/result.nii.gz
sub-41	1	mask	wmh_o4	source/additional_annotations/observer_o4/training/Utrecht/41/result.nii.gz
sub-41	1	mask	defaceT1w	source/training/Utrecht/41/orig/3DT1_mask.nii.gz
sub-41	1	mask	wmh	source/training/Utrecht/41/wmh.nii.gz
sub-42	1	FLAIR	n/a	source/test/Utrecht/42/orig/FLAIR.nii.gz
sub-42	1	FLAIR	bias	source/test/Utrecht/42/pre/FLAIR.nii.gz
sub-42	1	T1w	n/a	source/test/Utrecht/42/orig/3DT1.nii.gz
sub-42	1	T1w	space-FLAIR	source/test/Utrecht/42/orig/T1.nii.gz
sub-42	1	T1w	bias	source/test/Utrecht/42/pre/3DT1.nii.gz
sub-42	1	T1w	space-FLAIR_bias	source/test/Utrecht/42/pre/T1.nii.gz
sub-42	1	mask	defaceT1w	source/test/Utrecht/42/orig/3DT1_mask.nii.gz
sub-42	1	mask	wmh	source/test/Utrecht/42/wmh.nii.gz
sub-43	1	FLAIR	n/a	source/test/Utrecht/43/orig/FLAIR.nii.gz
sub-43	1	FLAIR	bias	source/test/Utrecht/43/pre/FLAIR.nii.gz
sub-43	1	T1w	n/a	source/test/Utrecht/43/orig/3DT1.nii.gz
sub-43	1	T1w	space-FLAIR	source/test/Utrecht/43/orig/T1.nii.gz
sub-43	1	T1w	bias	source/test/Utrecht/43/pre/3DT1.nii.gz
sub-43	1	T1w	space-FLAIR_bias	source/test/Utrecht/43/pre/T1.nii.gz
sub-43	1	mask	defaceT1w	source/test/Utrecht/43/orig/3DT1_mask.nii.gz
sub-43	1	mask	wmh	source/test/Utrecht/43/wmh.nii.gz
sub-44	1	FLAIR	n/a	source/test/Utrecht/44/orig/FLAIR.nii.gz
sub-44	1	FLAIR	bias	source/test/Utrecht/44/pre/FLAIR.nii.gz
sub-44	1	T1w	n/a	source/test/Utrecht/44/orig/3DT1.nii.gz
sub-44	1	T1w	space-FLAIR	source/test/Utrecht/44/orig/T1.nii.gz
sub-44	1	T1w	bias	source/test/Utrecht/44/pre/3DT1.nii.gz
sub-44	1	T1w	space-FLAIR_bias	source/test/Utrecht/44/pre/T1.nii.gz
sub-44	1	mask	defaceT1w	source/test/Utrecht/44/orig/3DT1_mask.nii.gz
sub-44	1	mask	wmh	source/test/Utrecht/44/wmh.nii.gz
sub-45	1	FLAIR	n/a	source/test/Utrecht/45/orig/FLAIR.nii.gz
sub-45	1	FLAIR	bias	source/test/Utrecht/45/pre/FLAIR.nii.gz
sub-45	1	T1w	n/a	source/test/Utrecht/45/orig/3DT1.nii.gz
sub-45	1	T1w	space-FLAIR	source/test/Utrecht/45/orig/T1.nii.gz
sub-45	1	T1w	bias	source/test/Utrecht/45/pre/3DT1.nii.gz
sub-45	1	T1w	space-FLAIR_bias	source/test/Utrecht/45/pre/T1.nii.gz
sub-45	1	mask	defaceT1w	source/test/Utrecht/45/orig/3DT1_mask.nii.gz
sub-45	1	mask	wmh	source/test/Utrecht/45/wmh.nii.gz
sub-46	1	FLAIR	n/a	source/test/Utrecht/46/orig/FLAIR.nii.gz
sub-46	1	FLAIR	bias	source/test/Utrecht/46/pre/FLAIR.nii.gz
sub-46	1	T1w	n/a	source/test/Utrecht/46/orig/3DT1.nii.gz
sub-46	1	T1w	space-FLAIR	source/test/Utrecht/46/orig/T1.nii.gz
sub-46	1	T1w	bias	source/test/Utrecht/46/pre/3DT1.nii.gz
sub-46	1	T1w	space-FLAIR_bias	source/test/Utrecht/46/pre/T1.nii.gz
sub-46	1	mask	defaceT1w	source/test/Utrecht/46/orig/3DT1_mask.nii.gz
sub-46	1	mask	wmh	source/test/Utrecht/46/wmh.nii.gz
sub-47	1	FLAIR	n/a	source/test/Utrecht/47/orig/FLAIR.nii.gz
sub-47	1	FLAIR	bias	source/test/Utrecht/47/pre/FLAIR.nii.gz
sub-47	1	T1w	n/a	source/test/Utrecht/47/orig/3DT1.nii.gz
sub-47	1	T1w	space-FLAIR	source/test/Utrecht/47/orig/T1.nii.gz
sub-47	1	T1w	bias	source/test/Utrecht/47/pre/3DT1.nii.gz
sub-47	1	T1w	space-FLAIR_bias	source/test/Utrecht/47/pre/T1.nii.gz
sub-47	1	mask	defaceT1w	source/test/Utrecht/47/orig/3DT1_mask.nii.gz
sub-47	1	mask	wmh	source/test/Utrecht/47/wmh.nii.gz
sub-48	1	FLAIR	n/a	source/test/Utrecht/48/orig/FLAIR.nii.gz
sub-48	1	FLAIR	bias	source/test/Utrecht/48/pre/FLAIR.nii.gz
sub-48	1	T1w	n/a	source/test/Utrecht/48/orig/3DT1.nii.gz
sub-48	1	T1w	space-FLAIR	source/test/Utrecht/48/orig/T1.nii.gz
sub-48	1	T1w	bias	source/test/Utrecht/48/pre/3DT1.nii.gz
sub-48	1	T1w	space-FLAIR_bias	source/test/Utrecht/48/pre/T1.nii.gz
sub-48	1	mask	defaceT1w	source/test/Utrecht/48/orig/3DT1_mask.nii.gz
sub-48	1	mask	wmh	source/test/Utrecht/48/wmh.nii.gz
sub-49	1	FLAIR	n/a	source/training/Utrecht/49/orig/FLAIR.nii.gz
sub-49	1	FLAIR	bias	source/training/Utrecht/49/pre/FLAIR.nii.gz
sub-49	1	T1w	n/a	source/training/Utrecht/49/orig/3DT1.nii.gz
sub-49	1	T1w	space-FLAIR	source/training/Utrecht/49/orig/T1.nii.gz
sub-49	1	T1w	bias	source/training/Utrecht/49/pre/3DT1.nii.gz
sub-49	1	T1w	space-FLAIR_bias	source/training/Utrecht/49/pre/T1.nii.gz
sub-49	1	mask	wmh_o3	source/additional_annotations/observer_o3/training/Utrecht/49/result.nii.gz
sub-49	1	mask	wmh_o4	source/additional_annotations/observer_o4/training/Utrecht/49/result.nii.gz
sub-49	1	mask	defaceT1w	source/training/Utrecht/49/orig/3DT1_mask.nii.gz
sub-49	1	mask	wmh	source/training/Utrecht/49/wmh.nii.gz
sub-5	1	FLAIR	n/a	source/test/Utrecht/5/orig/FLAIR.nii.gz
sub-5	1	FLAIR	bias	source/test/Utrecht/5/pre/FLAIR.nii.gz
sub-5	1	T1w	n/a	source/test/Utrecht/5/orig/3DT1.nii.gz
sub-5	1	T1w	space-FLAIR	source/test/Utrecht/5/orig/T1.nii.gz
sub-5	1	T1w	bias	source/test/Utrecht/5/pre/3DT1.nii.gz
sub-5	1	T1w	space-FLAIR_bias	source/test/Utrecht/5/pre/T1.nii.gz
sub-5	1	mask	defaceT1w	source/test/Utrecht/5/orig/3DT1_mask.nii.gz
sub-5	1	mask	wmh	source/test/Utrecht/5/wmh.nii.gz
sub-50	1	FLAIR	n/a	source/training/Singapore/50/orig/FLAIR.nii.gz
sub-50	1	FLAIR	bias	source/training/Singapore/50/pre/FLAIR.nii.gz
sub-50	1	T1w	n/a	source/training/Singapore/50/orig/3DT1.nii.gz
sub-50	1	T1w	space-FLAIR	source/training/Singapore/50/orig/T1.nii.gz
sub-50	1	T1w	bias	source/training/Singapore/50/pre/3DT1.nii.gz
sub-50	1	T1w	space-FLAIR_bias	source/training/Singapore/50/pre/T1.nii.gz
sub-50	1	mask	wmh_o3	source/additional_annotations/observer_o3/training/Singapore/50/result.nii.gz
sub-50	1	mask	wmh_o4	source/additional_annotations/observer_o4/training/Singapore/50/result.nii.gz
sub-50	1	mask	defaceT1w	source/training/Singapore/50/orig/3DT1_mask.nii.gz
sub-50	1	mask	wmh	source/training/Singapore/50/wmh.nii.gz
sub-51	1	FLAIR	n/a	source/training/Singapore/51/orig/FLAIR.nii.gz
sub-51	1	FLAIR	bias	source/training/Singapore/51/pre/FLAIR.nii.gz
sub-51	1	T1w	n/a	source/training/Singapore/51/orig/3DT1.nii.gz
sub-51	1	T1w	space-FLAIR	source/training/Singapore/51/orig/T1.nii.gz
sub-51	1	T1w	bias	source/training/Singapore/51/pre/3DT1.nii.gz
sub-51	1	T1w	space-FLAIR_bias	source/training/Singapore/51/pre/T1.nii.gz
sub-51	1	mask	wmh_o3	source/additional_annotations/observer_o3/training/Singapore/51/result.nii.gz
sub-51	1	mask	wmh_o4	source/additional_annotations/observer_o4/training/Singapore/51/result.nii.gz
sub-51	1	mask	defaceT1w	source/training/Singapore/51/orig/3DT1_mask.nii.gz
sub-51	1	mask	wmh	source/training/Singapore/51/wmh.nii.gz
sub-52	1	FLAIR	n/a	source/training/Singapore/52/orig/FLAIR.nii.gz
sub-52	1	FLAIR	bias	source/training/Singapore/52/pre/FLAIR.nii.gz
sub-52	1	T1w	n/a	source/training/Singapore/52/orig/3DT1.nii.gz
sub-52	1	T1w	space-FLAIR	source/training/Singapore/52/orig/T1.nii.gz
sub-52	1	T1w	bias	source/training/Singapore/52/pre/3DT1.nii.gz
sub-52	1	T1w	space-FLAIR_bias	source/training/Singapore/52/pre/T1.nii.gz
sub-52	1	mask	wmh_o3	source/additional_annotations/observer_o3/training/Singapore/52/result.nii.gz
sub-52	1	mask	wmh_o4	source/additional_annotations/observer_o4/training/Singapore/52/result.nii.gz
sub-52	1	mask	defaceT1w	source/training/Singapore/52/orig/3DT1_mask.nii.gz
sub-52	1	mask	wmh	source/training/Singapore/52/wmh.nii.gz
sub-53	1	FLAIR	n/a	source/training/Singapore/53/orig/FLAIR.nii.gz
sub-53	1	FLAIR	bias	source/training/Singapore/53/pre/FLAIR.nii.gz
sub-53	1	T1w	n/a	source/training/Singapore/53/orig/3DT1.nii.gz
sub-53	1	T1w	space-FLAIR	source/training/Singapore/53/orig/T1.nii.gz
sub-53	1	T1w	bias	source/training/Singapore/53/pre/3DT1.nii.gz
sub-53	1	T1w	space-FLAIR_bias	source/training/Singapore/53/pre/T1.nii.gz
sub-53	1	mask	wmh_o3	source/additional_annotations/observer_o3/training/Singapore/53/result.nii.gz
sub-53	1	mask	wmh_o4	source/additional_annotations/observer_o4/training/Singapore/53/result.nii.gz
sub-53	1	mask	defaceT1w	source/training/Singapore/53/orig/3DT1_mask.nii.gz
sub-53	1	mask	wmh	source/training/Singapore/53/wmh.nii.gz
sub-54	1	FLAIR	n/a	source/training/Singapore/54/orig/FLAIR.nii.gz
sub-54	1	FLAIR	bias	source/training/Singapore/54/pre/FLAIR.nii.gz
sub-54	1	T1w	n/a	source/training/Singapore/54/orig/3DT1.nii.gz
sub-54	1	T1w	space-FLAIR	source/training/Singapore/54/orig/T1.nii.gz
sub-54	1	T1w	bias	source/training/Singapore/54/pre/3DT1.nii.gz
sub-54	1	T1w	space-FLAIR_bias	source/training/Singapore/54/pre/T1.nii.gz
sub-54	1	mask	wmh_o3	source/additional_annotations/observer_o3/training/Singapore/54/result.nii.gz
sub-54	1	mask	wmh_o4	source/additional_annotations/observer_o4/training/Singapore/54/result.nii.gz
sub-54	1	mask	defaceT1w	source/training/Singapore/54/orig/3DT1_mask.nii.gz
sub-54	1	mask	wmh	source/training/Singapore/54/wmh.nii.gz
sub-55	1	FLAIR	n/a	source/training/Singapore/55/orig/FLAIR.nii.gz
sub-55	1	FLAIR	bias	source/training/Singapore/55/pre/FLAIR.nii.gz
sub-55	1	T1w	n/a	source/training/Singapore/55/orig/3DT1.nii.gz
sub-55	1	T1w	space-FLAIR	source/training/Singapore/55/orig/T1.nii.gz
sub-55	1	T1w	bias	source/training/Singapore/55/pre/3DT1.nii.gz
sub-55	1	T1w	space-FLAIR_bias	source/training/Singapore/55/pre/T1.nii.gz
sub-55	1	mask	wmh_o3	source/additional_annotations/observer_o3/training/Singapore/55/result.nii.gz
sub-55	1	mask	wmh_o4	source/additional_annotations/observer_o4/training/Singapore/55/result.nii.gz
sub-55	1	mask	defaceT1w	source/training/Singapore/55/orig/3DT1_mask.nii.gz
sub-55	1	mask	wmh	source/training/Singapore/55/wmh.nii.gz
sub-56	1	FLAIR	n/a	source/training/Singapore/56/orig/FLAIR.nii.gz
sub-56	1	FLAIR	bias	source/training/Singapore/56/pre/FLAIR.nii.gz
sub-56	1	T1w	n/a	source/training/Singapore/56/orig/3DT1.nii.gz
sub-56	1	T1w	space-FLAIR	source/training/Singapore/56/orig/T1.nii.gz
sub-56	1	T1w	bias	source/training/Singapore/56/pre/3DT1.nii.gz
sub-56	1	T1w	space-FLAIR_bias	source/training/Singapore/56/pre/T1.nii.gz
sub-56	1	mask	wmh_o3	source/additional_annotations/observer_o3/training/Singapore/56/result.nii.gz
sub-56	1	mask	wmh_o4	source/additional_annotations/observer_o4/training/Singapore/56/result.nii.gz
sub-56	1	mask	defaceT1w	source/training/Singapore/56/orig/3DT1_mask.nii.gz
sub-56	1	mask	wmh	source/training/Singapore/56/wmh.nii.gz
sub-57	1	FLAIR	n/a	source/training/Singapore/57/orig/FLAIR.nii.gz
sub-57	1	FLAIR	bias	source/training/Singapore/57/pre/FLAIR.nii.gz
sub-57	1	T1w	n/a	source/training/Singapore/57/orig/3DT1.nii.gz
sub-57	1	T1w	space-FLAIR	source/training/Singapore/57/orig/T1.nii.gz
sub-57	1	T1w	bias	source/training/Singapore/57/pre/3DT1.nii.gz
sub-57	1	T1w	space-FLAIR_bias	source/training/Singapore/57/pre/T1.nii.gz
sub-57	1	mask	wmh_o3	source/additional_annotations/observer_o3/training/Singapore/57/result.nii.gz
sub-57	1	mask	wmh_o4	source/additional_annotations/observer_o4/training/Singapore/57/result.nii.gz
sub-57	1	mask	defaceT1w	source/training/Singapore/57/orig/3DT1_mask.nii.gz
sub-57	1	mask	wmh	source/training/Singapore/57/wmh.nii.gz
sub-58	1	FLAIR	n/a	source/training/Singapore/58/orig/FLAIR.nii.gz
sub-58	1	FLAIR	bias	source/training/Singapore/58/pre/FLAIR.nii.gz
sub-58	1	T1w	n/a	source/training/Singapore/58/orig/3DT1.nii.gz
sub-58	1	T1w	space-FLAIR	source/training/Singapore/58/orig/T1.nii.gz
sub-58	1	T1w	bias	source/training/Singapore/58/pre/3DT1.nii.gz
sub-58	1	T1w	space-FLAIR_bias	source/training/Singapore/58/pre/T1.nii.gz
sub-58	1	mask	wmh_o3	source/additional_annotations/observer_o3/training/Singapore/58/result.nii.gz
sub-58	1	mask	wmh_o4	source/additional_annotations/observer_o4/training/Singapore/58/result.nii.gz
sub-58	1	mask	defaceT1w	source/training/Singapore/58/orig/3DT1_mask.nii.gz
sub-58	1	mask	wmh	source/training/Singapore/58/wmh.nii.gz
sub-59	1	FLAIR	n/a	source/training/Singapore/59/orig/FLAIR.nii.gz
sub-59	1	FLAIR	bias	source/training/Singapore/59/pre/FLAIR.nii.gz
sub-59	1	T1w	n/a	source/training/Singapore/59/orig/3DT1.nii.gz
sub-59	1	T1w	space-FLAIR	source/training/Singapore/59/orig/T1.nii.gz
sub-59	1	T1w	bias	source/training/Singapore/59/pre/3DT1.nii.gz
sub-59	1	T1w	space-FLAIR_bias	source/training/Singapore/59/pre/T1.nii.gz
sub-59	1	mask	wmh_o3	source/additional_annotations/observer_o3/training/Singapore/59/result.nii.gz
sub-59	1	mask	wmh_o4	source/additional_annotations/observer_o4/training/Singapore/59/result.nii.gz
sub-59	1	mask	defaceT1w	source/training/Singapore/59/orig/3DT1_mask.nii.gz
sub-59	1	mask	wmh	source/training/Singapore/59/wmh.nii.gz
sub-6	1	FLAIR	n/a	source/training/Utrecht/6/orig/FLAIR.nii.gz
sub-6	1	FLAIR	bias	source/training/Utrecht/6/pre/FLAIR.nii.gz
sub-6	1	T1w	n/a	source/training/Utrecht/6/orig/3DT1.nii.gz
sub-6	1	T1w	space-FLAIR	source/training/Utrecht/6/orig/T1.nii.gz
sub-6	1	T1w	bias	source/training/Utrecht/6/pre/3DT1.nii.gz
sub-6	1	T1w	space-FLAIR_bias	source/training/Utrecht/6/pre/T1.nii.gz
sub-6	1	mask	wmh_o3	source/additional_annotations/observer_o3/training/Utrecht/6/result.nii.gz
sub-6	1	mask	wmh_o4	source/additional_annotations/observer_o4/training/Utrecht/6/result.nii.gz
sub-6	1	mask	defaceT1w	source/training/Utrecht/6/orig/3DT1_mask.nii.gz
sub-6	1	mask	wmh	source/training/Utrecht/6/wmh.nii.gz
sub-60	1	FLAIR	n/a	source/training/Singapore/60/orig/FLAIR.nii.gz
sub-60	1	FLAIR	bias	source/training/Singapore/60/pre/FLAIR.nii.gz
sub-60	1	T1w	n/a	source/training/Singapore/60/orig/3DT1.nii.gz
sub-60	1	T1w	space-FLAIR	source/training/Singapore/60/orig/T1.nii.gz
sub-60	1	T1w	bias	source/training/Singapore/60/pre/3DT1.nii.gz
sub-60	1	T1w	space-FLAIR_bias	source/training/Singapore/60/pre/T1.nii.gz
sub-60	1	mask	wmh_o3	source/additional_annotations/observer_o3/training/Singapore/60/result.nii.gz
sub-60	1	mask	wmh_o4	source/additional_annotations/observer_o4/training/Singapore/60/result.nii.gz
sub-60	1	mask	defaceT1w	source/training/Singapore/60/orig/3DT1_mask.nii.gz
sub-60	1	mask	wmh	source/training/Singapore/60/wmh.nii.gz
sub-61	1	FLAIR	n/a	source/training/Singapore/61/orig/FLAIR.nii.gz
sub-61	1	FLAIR	bias	source/training/Singapore/61/pre/FLAIR.nii.gz
sub-61	1	T1w	n/a	source/training/Singapore/61/orig/3DT1.nii.gz
sub-61	1	T1w	space-FLAIR	source/training/Singapore/61/orig/T1.nii.gz
sub-61	1	T1w	bias	source/training/Singapore/61/pre/3DT1.nii.gz
sub-61	1	T1w	space-FLAIR_bias	source/training/Singapore/61/pre/T1.nii.gz
sub-61	1	mask	wmh_o3	source/additional_annotations/observer_o3/training/Singapore/61/result.nii.gz
sub-61	1	mask	wmh_o4	source/additional_annotations/observer_o4/training/Singapore/61/result.nii.gz
sub-61	1	mask	defaceT1w	source/training/Singapore/61/orig/3DT1_mask.nii.gz
sub-61	1	mask	wmh	source/training/Singapore/61/wmh.nii.gz
sub-62	1	FLAIR	n/a	source/training/Singapore/62/orig/FLAIR.nii.gz
sub-62	1	FLAIR	bias	source/training/Singapore/62/pre/FLAIR.nii.gz
sub-62	1	T1w	n/a	source/training/Singapore/62/orig/3DT1.nii.gz
sub-62	1	T1w	space-FLAIR	source/training/Singapore/62/orig/T1.nii.gz
sub-62	1	T1w	bias	source/training/Singapore/62/pre/3DT1.nii.gz
sub-62	1	T1w	space-FLAIR_bias	source/training/Singapore/62/pre/T1.nii.gz
sub-62	1	mask	wmh_o3	source/additional_annotations/observer_o3/training/Singapore/62/result.nii.gz
sub-62	1	mask	wmh_o4	source/additional_annotations/observer_o4/training/Singapore/62/result.nii.gz
sub-62	1	mask	defaceT1w	source/training/Singapore/62/orig/3DT1_mask.nii.gz
sub-62	1	mask	wmh	source/training/Singapore/62/wmh.nii.gz
sub-63	1	FLAIR	n/a	source/training/Singapore/63/orig/FLAIR.nii.gz
sub-63	1	FLAIR	bias	source/training/Singapore/63/pre/FLAIR.nii.gz
sub-63	1	T1w	n/a	source/training/Singapore/63/orig/3DT1.nii.gz
sub-63	1	T1w	space-FLAIR	source/training/Singapore/63/orig/T1.nii.gz
sub-63	1	T1w	bias	source/training/Singapore/63/pre/3DT1.nii.gz
sub-63	1	T1w	space-FLAIR_bias	source/training/Singapore/63/pre/T1.nii.gz
sub-63	1	mask	wmh_o3	source/additional_annotations/observer_o3/training/Singapore/63/result.nii.gz
sub-63	1	mask	wmh_o4	source/additional_annotations/observer_o4/training/Singapore/63/result.nii.gz
sub-63	1	mask	defaceT1w	source/training/Singapore/63/orig/3DT1_mask.nii.gz
sub-63	1	mask	wmh	source/training/Singapore/63/wmh.nii.gz
sub-64	1	FLAIR	n/a	source/training/Singapore/64/orig/FLAIR.nii.gz
sub-64	1	FLAIR	bias	source/training/Singapore/64/pre/FLAIR.nii.gz
sub-64	1	T1w	n/a	source/training/Singapore/64/orig/3DT1.nii.gz
sub-64	1	T1w	space-FLAIR	source/training/Singapore/64/orig/T1.nii.gz
sub-64	1	T1w	bias	source/training/Singapore/64/pre/3DT1.nii.gz
sub-64	1	T1w	space-FLAIR_bias	source/training/Singapore/64/pre/T1.nii.gz
sub-64	1	mask	wmh_o3	source/additional_annotations/observer_o3/training/Singapore/64/result.nii.gz
sub-64	1	mask	wmh_o4	source/additional_annotations/observer_o4/training/Singapore/64/result.nii.gz
sub-64	1	mask	defaceT1w	source/training/Singapore/64/orig/3DT1_mask.nii.gz
sub-64	1	mask	wmh	source/training/Singapore/64/wmh.nii.gz
sub-65	1	FLAIR	n/a	source/training/Singapore/65/orig/FLAIR.nii.gz
sub-65	1	FLAIR	bias	source/training/Singapore/65/pre/FLAIR.nii.gz
sub-65	1	T1w	n/a	source/training/Singapore/65/orig/3DT1.nii.gz
sub-65	1	T1w	space-FLAIR	source/training/Singapore/65/orig/T1.nii.gz
sub-65	1	T1w	bias	source/training/Singapore/65/pre/3DT1.nii.gz
sub-65	1	T1w	space-FLAIR_bias	source/training/Singapore/65/pre/T1.nii.gz
sub-65	1	mask	wmh_o3	source/additional_annotations/observer_o3/training/Singapore/65/result.nii.gz
sub-65	1	mask	wmh_o4	source/additional_annotations/observer_o4/training/Singapore/65/result.nii.gz
sub-65	1	mask	defaceT1w	source/training/Singapore/65/orig/3DT1_mask.nii.gz
sub-65	1	mask	wmh	source/training/Singapore/65/wmh.nii.gz
sub-66	1	FLAIR	n/a	source/training/Singapore/66/orig/FLAIR.nii.gz
sub-66	1	FLAIR	bias	source/training/Singapore/66/pre/FLAIR.nii.gz
sub-66	1	T1w	n/a	source/training/Singapore/66/orig/3DT1.nii.gz
sub-66	1	T1w	space-FLAIR	source/training/Singapore/66/orig/T1.nii.gz
sub-66	1	T1w	bias	source/training/Singapore/66/pre/3DT1.nii.gz
sub-66	1	T1w	space-FLAIR_bias	source/training/Singapore/66/pre/T1.nii.gz
sub-66	1	mask	wmh_o3	source/additional_annotations/observer_o3/training/Singapore/66/result.nii.gz
sub-66	1	mask	wmh_o4	source/additional_annotations/observer_o4/training/Singapore/66/result.nii.gz
sub-66	1	mask	defaceT1w	source/training/Singapore/66/orig/3DT1_mask.nii.gz
sub-66	1	mask	wmh	source/training/Singapore/66/wmh.nii.gz
sub-67	1	FLAIR	n/a	source/training/Singapore/67/orig/FLAIR.nii.gz
sub-67	1	FLAIR	bias	source/training/Singapore/67/pre/FLAIR.nii.gz
sub-67	1	T1w	n/a	source/training/Singapore/67/orig/3DT1.nii.gz
sub-67	1	T1w	space-FLAIR	source/training/Singapore/67/orig/T1.nii.gz
sub-67	1	T1w	bias	source/training/Singapore/67/pre/3DT1.nii.gz
sub-67	1	T1w	space-FLAIR_bias	source/training/Singapore/67/pre/T1.nii.gz
sub-67	1	mask	wmh_o3	source/additional_annotations/observer_o3/training/Singapore/67/result.nii.gz
sub-67	1	mask	wmh_o4	source/additional_annotations/observer_o4/training/Singapore/67/result.nii.gz
sub-67	1	mask	defaceT1w	source/training/Singapore/67/orig/3DT1_mask.nii.gz
sub-67	1	mask	wmh	source/training/Singapore/67/wmh.nii.gz
sub-68	1	FLAIR	n/a	source/training/Singapore/68/orig/FLAIR.nii.gz
sub-68	1	FLAIR	bias	source/training/Singapore/68/pre/FLAIR.nii.gz
sub-68	1	T1w	n/a	source/training/Singapore/68/orig/3DT1.nii.gz
sub-68	1	T1w	space-FLAIR	source/training/Singapore/68/orig/T1.nii.gz
sub-68	1	T1w	bias	source/training/Singapore/68/pre/3DT1.nii.gz
sub-68	1	T1w	space-FLAIR_bias	source/training/Singapore/68/pre/T1.nii.gz
sub-68	1	mask	wmh_o3	source/additional_annotations/observer_o3/training/Singapore/68/result.nii.gz
sub-68	1	mask	wmh_o4	source/additional_annotations/observer_o4/training/Singapore/68/result.nii.gz
sub-68	1	mask	defaceT1w	source/training/Singapore/68/orig/3DT1_mask.nii.gz
sub-68	1	mask	wmh	source/training/Singapore/68/wmh.nii.gz
sub-69	1	FLAIR	n/a	source/training/Singapore/69/orig/FLAIR.nii.gz
sub-69	1	FLAIR	bias	source/training/Singapore/69/pre/FLAIR.nii.gz
sub-69	1	T1w	n/a	source/training/Singapore/69/orig/3DT1.nii.gz
sub-69	1	T1w	space-FLAIR	source/training/Singapore/69/orig/T1.nii.gz
sub-69	1	T1w	bias	source/training/Singapore/69/pre/3DT1.nii.gz
sub-69	1	T1w	space-FLAIR_bias	source/training/Singapore/69/pre/T1.nii.gz
sub-69	1	mask	wmh_o3	source/additional_annotations/observer_o3/training/Singapore/69/result.nii.gz
sub-69	1	mask	wmh_o4	source/additional_annotations/observer_o4/training/Singapore/69/result.nii.gz
sub-69	1	mask	defaceT1w	source/training/Singapore/69/orig/3DT1_mask.nii.gz
sub-69	1	mask	wmh	source/training/Singapore/69/wmh.nii.gz
sub-7	1	FLAIR	n/a	source/test/Utrecht/7/orig/FLAIR.nii.gz
sub-7	1	FLAIR	bias	source/test/Utrecht/7/pre/FLAIR.nii.gz
sub-7	1	T1w	n/a	source/test/Utrecht/7/orig/3DT1.nii.gz
sub-7	1	T1w	space-FLAIR	source/test/Utrecht/7/orig/T1.nii.gz
sub-7	1	T1w	bias	source/test/Utrecht/7/pre/3DT1.nii.gz
sub-7	1	T1w	space-FLAIR_bias	source/test/Utrecht/7/pre/T1.nii.gz
sub-7	1	mask	defaceT1w	source/test/Utrecht/7/orig/3DT1_mask.nii.gz
sub-7	1	mask	wmh	source/test/Utrecht/7/wmh.nii.gz
sub-70	1	FLAIR	n/a	source/test/Singapore/70/orig/FLAIR.nii.gz
sub-70	1	FLAIR	bias	source/test/Singapore/70/pre/FLAIR.nii.gz
sub-70	1	T1w	n/a	source/test/Singapore/70/orig/3DT1.nii.gz
sub-70	1	T1w	space-FLAIR	source/test/Singapore/70/orig/T1.nii.gz
sub-70	1	T1w	bias	source/test/Singapore/70/pre/3DT1.nii.gz
sub-70	1	T1w	space-FLAIR_bias	source/test/Singapore/70/pre/T1.nii.gz
sub-70	1	mask	defaceT1w	source/test/Singapore/70/orig/3DT1_mask.nii.gz
sub-70	1	mask	wmh	source/test/Singapore/70/wmh.nii.gz
sub-71	1	FLAIR	n/a	source/test/Singapore/71/orig/FLAIR.nii.gz
sub-71	1	FLAIR	bias	source/test/Singapore/71/pre/FLAIR.nii.gz
sub-71	1	T1w	n/a	source/test/Singapore/71/orig/3DT1.nii.gz
sub-71	1	T1w	space-FLAIR	source/test/Singapore/71/orig/T1.nii.gz
sub-71	1	T1w	bias	source/test/Singapore/71/pre/3DT1.nii.gz
sub-71	1	T1w	space-FLAIR_bias	source/test/Singapore/71/pre/T1.nii.gz
sub-71	1	mask	defaceT1w	source/test/Singapore/71/orig/3DT1_mask.nii.gz
sub-71	1	mask	wmh	source/test/Singapore/71/wmh.nii.gz
sub-72	1	FLAIR	n/a	source/test/Singapore/72/orig/FLAIR.nii.gz
sub-72	1	FLAIR	bias	source/test/Singapore/72/pre/FLAIR.nii.gz
sub-72	1	T1w	n/a	source/test/Singapore/72/orig/3DT1.nii.gz
sub-72	1	T1w	space-FLAIR	source/test/Singapore/72/orig/T1.nii.gz
sub-72	1	T1w	bias	source/test/Singapore/72/pre/3DT1.nii.gz
sub-72	1	T1w	space-FLAIR_bias	source/test/Singapore/72/pre/T1.nii.gz
sub-72	1	mask	defaceT1w	source/test/Singapore/72/orig/3DT1_mask.nii.gz
sub-72	1	mask	wmh	source/test/Singapore/72/wmh.nii.gz
sub-73	1	FLAIR	n/a	source/test/Singapore/73/orig/FLAIR.nii.gz
sub-73	1	FLAIR	bias	source/test/Singapore/73/pre/FLAIR.nii.gz
sub-73	1	T1w	n/a	source/test/Singapore/73/orig/3DT1.nii.gz
sub-73	1	T1w	space-FLAIR	source/test/Singapore/73/orig/T1.nii.gz
sub-73	1	T1w	bias	source/test/Singapore/73/pre/3DT1.nii.gz
sub-73	1	T1w	space-FLAIR_bias	source/test/Singapore/73/pre/T1.nii.gz
sub-73	1	mask	defaceT1w	source/test/Singapore/73/orig/3DT1_mask.nii.gz
sub-73	1	mask	wmh	source/test/Singapore/73/wmh.nii.gz
sub-74	1	FLAIR	n/a	source/test/Singapore/74/orig/FLAIR.nii.gz
sub-74	1	FLAIR	bias	source/test/Singapore/74/pre/FLAIR.nii.gz
sub-74	1	T1w	n/a	source/test/Singapore/74/orig/3DT1.nii.gz
sub-74	1	T1w	space-FLAIR	source/test/Singapore/74/orig/T1.nii.gz
sub-74	1	T1w	bias	source/test/Singapore/74/pre/3DT1.nii.gz
sub-74	1	T1w	space-FLAIR_bias	source/test/Singapore/74/pre/T1.nii.gz
sub-74	1	mask	defaceT1w	source/test/Singapore/74/orig/3DT1_mask.nii.gz
sub-74	1	mask	wmh	source/test/Singapore/74/wmh.nii.gz
sub-75	1	FLAIR	n/a	source/test/Singapore/75/orig/FLAIR.nii.gz
sub-75	1	FLAIR	bias	source/test/Singapore/75/pre/FLAIR.nii.gz
sub-75	1	T1w	n/a	source/test/Singapore/75/orig/3DT1.nii.gz
sub-75	1	T1w	space-FLAIR	source/test/Singapore/75/orig/T1.nii.gz
sub-75	1	T1w	bias	source/test/Singapore/75/pre/3DT1.nii.gz
sub-75	1	T1w	space-FLAIR_bias	source/test/Singapore/75/pre/T1.nii.gz
sub-75	1	mask	defaceT1w	source/test/Singapore/75/orig/3DT1_mask.nii.gz
sub-75	1	mask	wmh	source/test/Singapore/75/wmh.nii.gz
sub-76	1	FLAIR	n/a	source/test/Singapore/76/orig/FLAIR.nii.gz
sub-76	1	FLAIR	bias	source/test/Singapore/76/pre/FLAIR.nii.gz
sub-76	1	T1w	n/a	source/test/Singapore/76/orig/3DT1.nii.gz
sub-76	1	T1w	space-FLAIR	source/test/Singapore/76/orig/T1.nii.gz
sub-76	1	T1w	bias	source/test/Singapore/76/pre/3DT1.nii.gz
sub-76	1	T1w	space-FLAIR_bias	source/test/Singapore/76/pre/T1.nii.gz
sub-76	1	mask	defaceT1w	source/test/Singapore/76/orig/3DT1_mask.nii.gz
sub-76	1	mask	wmh	source/test/Singapore/76/wmh.nii.gz
sub-77	1	FLAIR	n/a	source/test/Singapore/77/orig/FLAIR.nii.gz
sub-77	1	FLAIR	bias	source/test/Singapore/77/pre/FLAIR.nii.gz
sub-77	1	T1w	n/a	source/test/Singapore/77/orig/3DT1.nii.gz
sub-77	1	T1w	space-FLAIR	source/test/Singapore/77/orig/T1.nii.gz
sub-77	1	T1w	bias	source/test/Singapore/77/pre/3DT1.nii.gz
sub-77	1	T1w	space-FLAIR_bias	source/test/Singapore/77/pre/T1.nii.gz
sub-77	1	mask	defaceT1w	source/test/Singapore/77/orig/3DT1_mask.nii.gz
sub-77	1	mask	wmh	source/test/Singapore/77/wmh.nii.gz
sub-78	1	FLAIR	n/a	source/test/Singapore/78/orig/FLAIR.nii.gz
sub-78	1	FLAIR	bias	source/test/Singapore/78/pre/FLAIR.nii.gz
sub-78	1	T1w	n/a	source/test/Singapore/78/orig/3DT1.nii.gz
sub-78	1	T1w	space-FLAIR	source/test/Singapore/78/orig/T1.nii.gz
sub-78	1	T1w	bias	source/test/Singapore/78/pre/3DT1.nii.gz
sub-78	1	T1w	space-FLAIR_bias	source/test/Singapore/78/pre/T1.nii.gz
sub-78	1	mask	defaceT1w	source/test/Singapore/78/orig/3DT1_mask.nii.gz
sub-78	1	mask	wmh	source/test/Singapore/78/wmh.nii.gz
sub-79	1	FLAIR	n/a	source/test/Singapore/79/orig/FLAIR.nii.gz
sub-79	1	FLAIR	bias	source/test/Singapore/79/pre/FLAIR.nii.gz
sub-79	1	T1w	n/a	source/test/Singapore/79/orig/3DT1.nii.gz
sub-79	1	T1w	space-FLAIR	source/test/Singapore/79/orig/T1.nii.gz
sub-79	1	T1w	bias	source/test/Singapore/79/pre/3DT1.nii.gz
sub-79	1	T1w	space-FLAIR_bias	source/test/Singapore/79/pre/T1.nii.gz
sub-79	1	mask	defaceT1w	source/test/Singapore/79/orig/3DT1_mask.nii.gz
sub-79	1	mask	wmh	source/test/Singapore/79/wmh.nii.gz
sub-8	1	FLAIR	n/a	source/training/Utrecht/8/orig/FLAIR.nii.gz
sub-8	1	FLAIR	bias	source/training/Utrecht/8/pre/FLAIR.nii.gz
sub-8	1	T1w	n/a	source/training/Utrecht/8/orig/3DT1.nii.gz
sub-8	1	T1w	space-FLAIR	source/training/Utrecht/8/orig/T1.nii.gz
sub-8	1	T1w	bias	source/training/Utrecht/8/pre/3DT1.nii.gz
sub-8	1	T1w	space-FLAIR_bias	source/training/Utrecht/8/pre/T1.nii.gz
sub-8	1	mask	wmh_o3	source/additional_annotations/observer_o3/training/Utrecht/8/result.nii.gz
sub-8	1	mask	wmh_o4	source/additional_annotations/observer_o4/training/Utrecht/8/result.nii.gz
sub-8	1	mask	defaceT1w	source/training/Utrecht/8/orig/3DT1_mask.nii.gz
sub-8	1	mask	wmh	source/training/Utrecht/8/wmh.nii.gz
sub-80	1	FLAIR	n/a	source/test/Singapore/80/orig/FLAIR.nii.gz
sub-80	1	FLAIR	bias	source/test/Singapore/80/pre/FLAIR.nii.gz
sub-80	1	T1w	n/a	source/test/Singapore/80/orig/3DT1.nii.gz
sub-80	1	T1w	space-FLAIR	source/test/Singapore/80/orig/T1.nii.gz
sub-80	1	T1w	bias	source/test/Singapore/80/pre/3DT1.nii.gz
sub-80	1	T1w	space-FLAIR_bias	source/test/Singapore/80/pre/T1.nii.gz
sub-80	1	mask	defaceT1w	source/test/Singapore/80/orig/3DT1_mask.nii.gz
sub-80	1	mask	wmh	source/test/Singapore/80/wmh.nii.gz
sub-81	1	FLAIR	n/a	source/test/Singapore/81/orig/FLAIR.nii.gz
sub-81	1	FLAIR	bias	source/test/Singapore/81/pre/FLAIR.nii.gz
sub-81	1	T1w	n/a	source/test/Singapore/81/orig/3DT1.nii.gz
sub-81	1	T1w	space-FLAIR	source/test/Singapore/81/orig/T1.nii.gz
sub-81	1	T1w	bias	source/test/Singapore/81/pre/3DT1.nii.gz
sub-81	1	T1w	space-FLAIR_bias	source/test/Singapore/81/pre/T1.nii.gz
sub-81	1	mask	defaceT1w	source/test/Singapore/81/orig/3DT1_mask.nii.gz
sub-81	1	mask	wmh	source/test/Singapore/81/wmh.nii.gz
sub-82	1	FLAIR	n/a	source/test/Singapore/82/orig/FLAIR.nii.gz
sub-82	1	FLAIR	bias	source/test/Singapore/82/pre/FLAIR.nii.gz
sub-82	1	T1w	n/a	source/test/Singapore/82/orig/3DT1.nii.gz
sub-82	1	T1w	space-FLAIR	source/test/Singapore/82/orig/T1.nii.gz
sub-82	1	T1w	bias	source/test/Singapore/82/pre/3DT1.nii.gz
sub-82	1	T1w	space-FLAIR_bias	source/test/Singapore/82/pre/T1.nii.gz
sub-82	1	mask	defaceT1w	source/test/Singapore/82/orig/3DT1_mask.nii.gz
sub-82	1	mask	wmh	source/test/Singapore/82/wmh.nii.gz
sub-83	1	FLAIR	n/a	source/test/Singapore/83/orig/FLAIR.nii.gz
sub-83	1	FLAIR	bias	source/test/Singapore/83/pre/FLAIR.nii.gz
sub-83	1	T1w	n/a	source/test/Singapore/83/orig/3DT1.nii.gz
sub-83	1	T1w	space-FLAIR	source/test/Singapore/83/orig/T1.nii.gz
sub-83	1	T1w	bias	source/test/Singapore/83/pre/3DT1.nii.gz
sub-83	1	T1w	space-FLAIR_bias	source/test/Singapore/83/pre/T1.nii.gz
sub-83	1	mask	defaceT1w	source/test/Singapore/83/orig/3DT1_mask.nii.gz
sub-83	1	mask	wmh	source/test/Singapore/83/wmh.nii.gz
sub-84	1	FLAIR	n/a	source/test/Singapore/84/orig/FLAIR.nii.gz
sub-84	1	FLAIR	bias	source/test/Singapore/84/pre/FLAIR.nii.gz
sub-84	1	T1w	n/a	source/test/Singapore/84/orig/3DT1.nii.gz
sub-84	1	T1w	space-FLAIR	source/test/Singapore/84/orig/T1.nii.gz
sub-84	1	T1w	bias	source/test/Singapore/84/pre/3DT1.nii.gz
sub-84	1	T1w	space-FLAIR_bias	source/test/Singapore/84/pre/T1.nii.gz
sub-84	1	mask	defaceT1w	source/test/Singapore/84/orig/3DT1_mask.nii.gz
sub-84	1	mask	wmh	source/test/Singapore/84/wmh.nii.gz
sub-85	1	FLAIR	n/a	source/test/Singapore/85/orig/FLAIR.nii.gz
sub-85	1	FLAIR	bias	source/test/Singapore/85/pre/FLAIR.nii.gz
sub-85	1	T1w	n/a	source/test/Singapore/85/orig/3DT1.nii.gz
sub-85	1	T1w	space-FLAIR	source/test/Singapore/85/orig/T1.nii.gz
sub-85	1	T1w	bias	source/test/Singapore/85/pre/3DT1.nii.gz
sub-85	1	T1w	space-FLAIR_bias	source/test/Singapore/85/pre/T1.nii.gz
sub-85	1	mask	defaceT1w	source/test/Singapore/85/orig/3DT1_mask.nii.gz
sub-85	1	mask	wmh	source/test/Singapore/85/wmh.nii.gz
sub-86	1	FLAIR	n/a	source/test/Singapore/86/orig/FLAIR.nii.gz
sub-86	1	FLAIR	bias	source/test/Singapore/86/pre/FLAIR.nii.gz
sub-86	1	T1w	n/a	source/test/Singapore/86/orig/3DT1.nii.gz
sub-86	1	T1w	space-FLAIR	source/test/Singapore/86/orig/T1.nii.gz
sub-86	1	T1w	bias	source/test/Singapore/86/pre/3DT1.nii.gz
sub-86	1	T1w	space-FLAIR_bias	source/test/Singapore/86/pre/T1.nii.gz
sub-86	1	mask	defaceT1w	source/test/Singapore/86/orig/3DT1_mask.nii.gz
sub-86	1	mask	wmh	source/test/Singapore/86/wmh.nii.gz
sub-87	1	FLAIR	n/a	source/test/Singapore/87/orig/FLAIR.nii.gz
sub-87	1	FLAIR	bias	source/test/Singapore/87/pre/FLAIR.nii.gz
sub-87	1	T1w	n/a	source/test/Singapore/87/orig/3DT1.nii.gz
sub-87	1	T1w	space-FLAIR	source/test/Singapore/87/orig/T1.nii.gz
sub-87	1	T1w	bias	source/test/Singapore/87/pre/3DT1.nii.gz
sub-87	1	T1w	space-FLAIR_bias	source/test/Singapore/87/pre/T1.nii.gz
sub-87	1	mask	defaceT1w	source/test/Singapore/87/orig/3DT1_mask.nii.gz
sub-87	1	mask	wmh	source/test/Singapore/87/wmh.nii.gz
sub-88	1	FLAIR	n/a	source/test/Singapore/88/orig/FLAIR.nii.gz
sub-88	1	FLAIR	bias	source/test/Singapore/88/pre/FLAIR.nii.gz
sub-88	1	T1w	n/a	source/test/Singapore/88/orig/3DT1.nii.gz
sub-88	1	T1w	space-FLAIR	source/test/Singapore/88/orig/T1.nii.gz
sub-88	1	T1w	bias	source/test/Singapore/88/pre/3DT1.nii.gz
sub-88	1	T1w	space-FLAIR_bias	source/test/Singapore/88/pre/T1.nii.gz
sub-88	1	mask	defaceT1w	source/test/Singapore/88/orig/3DT1_mask.nii.gz
sub-88	1	mask	wmh	source/test/Singapore/88/wmh.nii.gz
sub-89	1	FLAIR	n/a	source/test/Singapore/89/orig/FLAIR.nii.gz
sub-89	1	FLAIR	bias	source/test/Singapore/89/pre/FLAIR.nii.gz
sub-89	1	T1w	n/a	source/test/Singapore/89/orig/3DT1.nii.gz
sub-89	1	T1w	space-FLAIR	source/test/Singapore/89/orig/T1.nii.gz
sub-89	1	T1w	bias	source/test/Singapore/89/pre/3DT1.nii.gz
sub-89	1	T1w	space-FLAIR_bias	source/test/Singapore/89/pre/T1.nii.gz
sub-89	1	mask	defaceT1w	source/test/Singapore/89/orig/3DT1_mask.nii.gz
sub-89	1	mask	wmh	source/test/Singapore/89/wmh.nii.gz
sub-9	1	FLAIR	n/a	source/test/Utrecht/9/orig/FLAIR.nii.gz
sub-9	1	FLAIR	bias	source/test/Utrecht/9/pre/FLAIR.nii.gz
sub-9	1	T1w	n/a	source/test/Utrecht/9/orig/3DT1.nii.gz
sub-9	1	T1w	space-FLAIR	source/test/Utrecht/9/orig/T1.nii.gz
sub-9	1	T1w	bias	source/test/Utrecht/9/pre/3DT1.nii.gz
sub-9	1	T1w	space-FLAIR_bias	source/test/Utrecht/9/pre/T1.nii.gz
sub-9	1	mask	defaceT1w	source/test/Utrecht/9/orig/3DT1_mask.nii.gz
sub-9	1	mask	wmh	source/test/Utrecht/9/wmh.nii.gz
sub-90	1	FLAIR	n/a	source/test/Singapore/90/orig/FLAIR.nii.gz
sub-90	1	FLAIR	bias	source/test/Singapore/90/pre/FLAIR.nii.gz
sub-90	1	T1w	n/a	source/test/Singapore/90/orig/3DT1.nii.gz
sub-90	1	T1w	space-FLAIR	source/test/Singapore/90/orig/T1.nii.gz
sub-90	1	T1w	bias	source/test/Singapore/90/pre/3DT1.nii.gz
sub-90	1	T1w	space-FLAIR_bias	source/test/Singapore/90/pre/T1.nii.gz
sub-90	1	mask	defaceT1w	source/test/Singapore/90/orig/3DT1_mask.nii.gz
sub-90	1	mask	wmh	source/test/Singapore/90/wmh.nii.gz
sub-91	1	FLAIR	n/a	source/test/Singapore/91/orig/FLAIR.nii.gz
sub-91	1	FLAIR	bias	source/test/Singapore/91/pre/FLAIR.nii.gz
sub-91	1	T1w	n/a	source/test/Singapore/91/orig/3DT1.nii.gz
sub-91	1	T1w	space-FLAIR	source/test/Singapore/91/orig/T1.nii.gz
sub-91	1	T1w	bias	source/test/Singapore/91/pre/3DT1.nii.gz
sub-91	1	T1w	space-FLAIR_bias	source/test/Singapore/91/pre/T1.nii.gz
sub-91	1	mask	defaceT1w	source/test/Singapore/91/orig/3DT1_mask.nii.gz
sub-91	1	mask	wmh	source/test/Singapore/91/wmh.nii.gz
sub-92	1	FLAIR	n/a	source/test/Singapore/92/orig/FLAIR.nii.gz
sub-92	1	FLAIR	bias	source/test/Singapore/92/pre/FLAIR.nii.gz
sub-92	1	T1w	n/a	source/test/Singapore/92/orig/3DT1.nii.gz
sub-92	1	T1w	space-FLAIR	source/test/Singapore/92/orig/T1.nii.gz
sub-92	1	T1w	bias	source/test/Singapore/92/pre/3DT1.nii.gz
sub-92	1	T1w	space-FLAIR_bias	source/test/Singapore/92/pre/T1.nii.gz
sub-92	1	mask	defaceT1w	source/test/Singapore/92/orig/3DT1_mask.nii.gz
sub-92	1	mask	wmh	source/test/Singapore/92/wmh.nii.gz
sub-93	1	FLAIR	n/a	source/test/Singapore/93/orig/FLAIR.nii.gz
sub-93	1	FLAIR	bias	source/test/Singapore/93/pre/FLAIR.nii.gz
sub-93	1	T1w	n/a	source/test/Singapore/93/orig/3DT1.nii.gz
sub-93	1	T1w	space-FLAIR	source/test/Singapore/93/orig/T1.nii.gz
sub-93	1	T1w	bias	source/test/Singapore/93/pre/3DT1.nii.gz
sub-93	1	T1w	space-FLAIR_bias	source/test/Singapore/93/pre/T1.nii.gz
sub-93	1	mask	defaceT1w	source/test/Singapore/93/orig/3DT1_mask.nii.gz
sub-93	1	mask	wmh	source/test/Singapore/93/wmh.nii.gz
sub-94	1	FLAIR	n/a	source/test/Singapore/94/orig/FLAIR.nii.gz
sub-94	1	FLAIR	bias	source/test/Singapore/94/pre/FLAIR.nii.gz
sub-94	1	T1w	n/a	source/test/Singapore/94/orig/3DT1.nii.gz
sub-94	1	T1w	space-FLAIR	source/test/Singapore/94/orig/T1.nii.gz
sub-94	1	T1w	bias	source/test/Singapore/94/pre/3DT1.nii.gz
sub-94	1	T1w	space-FLAIR_bias	source/test/Singapore/94/pre/T1.nii.gz
sub-94	1	mask	defaceT1w	source/test/Singapore/94/orig/3DT1_mask.nii.gz
sub-94	1	mask	wmh	source/test/Singapore/94/wmh.nii.gz
sub-95	1	FLAIR	n/a	source/test/Singapore/95/orig/FLAIR.nii.gz
sub-95	1	FLAIR	bias	source/test/Singapore/95/pre/FLAIR.nii.gz
sub-95	1	T1w	n/a	source/test/Singapore/95/orig/3DT1.nii.gz
sub-95	1	T1w	space-FLAIR	source/test/Singapore/95/orig/T1.nii.gz
sub-95	1	T1w	bias	source/test/Singapore/95/pre/3DT1.nii.gz
sub-95	1	T1w	space-FLAIR_bias	source/test/Singapore/95/pre/T1.nii.gz
sub-95	1	mask	defaceT1w	source/test/Singapore/95/orig/3DT1_mask.nii.gz
sub-95	1	mask	wmh	source/test/Singapore/95/wmh.nii.gz
sub-96	1	FLAIR	n/a	source/test/Singapore/96/orig/FLAIR.nii.gz
sub-96	1	FLAIR	bias	source/test/Singapore/96/pre/FLAIR.nii.gz
sub-96	1	T1w	n/a	source/test/Singapore/96/orig/3DT1.nii.gz
sub-96	1	T1w	space-FLAIR	source/test/Singapore/96/orig/T1.nii.gz
sub-96	1	T1w	bias	source/test/Singapore/96/pre/3DT1.nii.gz
sub-96	1	T1w	space-FLAIR_bias	source/test/Singapore/96/pre/T1.nii.gz
sub-96	1	mask	defaceT1w	source/test/Singapore/96/orig/3DT1_mask.nii.gz
sub-96	1	mask	wmh	source/test/Singapore/96/wmh.nii.gz
sub-97	1	FLAIR	n/a	source/test/Singapore/97/orig/FLAIR.nii.gz
sub-97	1	FLAIR	bias	source/test/Singapore/97/pre/FLAIR.nii.gz
sub-97	1	T1w	n/a	source/test/Singapore/97/orig/3DT1.nii.gz
sub-97	1	T1w	space-FLAIR	source/test/Singapore/97/orig/T1.nii.gz
sub-97	1	T1w	bias	source/test/Singapore/97/pre/3DT1.nii.gz
sub-97	1	T1w	space-FLAIR_bias	source/test/Singapore/97/pre/T1.nii.gz
sub-97	1	mask	defaceT1w	source/test/Singapore/97/orig/3DT1_mask.nii.gz
sub-97	1	mask	wmh	source/test/Singapore/97/wmh.nii.gz
sub-98	1	FLAIR	n/a	source/test/Singapore/98/orig/FLAIR.nii.gz
sub-98	1	FLAIR	bias	source/test/Singapore/98/pre/FLAIR.nii.gz
sub-98	1	T1w	n/a	source/test/Singapore/98/orig/3DT1.nii.gz
sub-98	1	T1w	space-FLAIR	source/test/Singapore/98/orig/T1.nii.gz
sub-98	1	T1w	bias	source/test/Singapore/98/pre/3DT1.nii.gz
sub-98	1	T1w	space-FLAIR_bias	source/test/Singapore/98/pre/T1.nii.gz
sub-98	1	mask	defaceT1w	source/test/Singapore/98/orig/3DT1_mask.nii.gz
sub-98	1	mask	wmh	source/test/Singapore/98/wmh.nii.gz
sub-99	1	FLAIR	n/a	source/test/Singapore/99/orig/FLAIR.nii.gz
sub-99	1	FLAIR	bias	source/test/Singapore/99/pre/FLAIR.nii.gz
sub-99	1	T1w	n/a	source/test/Singapore/99/orig/3DT1.nii.gz
sub-99	1	T1w	space-FLAIR	source/test/Singapore/99/orig/T1.nii.gz
sub-99	1	T1w	bias	source/test/Singapore/99/pre/3DT1.nii.gz
sub-99	1	T1w	space-FLAIR_bias	source/test/Singapore/99/pre/T1.nii.gz
sub-99	1	mask	defaceT1w	source/test/Singapore/99/orig/3DT1_mask.nii.gz
sub-99	1	mask	wmh	source/test/Singapore/99/wmh.nii.gz
